date,group_name,ratio
2023-04-02,Lifestyle1,7.6923
2023-04-03,Lifestyle1,15.38461
2023-04-05,Lifestyle1,30.76923
2023-04-06,Lifestyle1,30.76923
2023-04-07,Lifestyle1,30.76923
2023-04-08,Lifestyle1,7.6923
2023-04-09,Lifestyle1,30.76923
2023-04-10,Lifestyle1,61.53846
2023-04-11,Lifestyle1,53.84615
2023-04-12,Lifestyle1,61.53846
2023-04-13,Lifestyle1,53.84615
2023-04-15,Lifestyle1,15.38461
2023-04-16,Lifestyle1,15.38461
2023-04-17,Lifestyle1,30.76923
2023-04-18,Lifestyle1,15.38461
2023-04-19,Lifestyle1,46.15384
2023-04-20,Lifestyle1,38.46153
2023-04-21,Lifestyle1,15.38461
2023-04-22,Lifestyle1,15.38461
2023-04-24,Lifestyle1,61.53846
2023-04-25,Lifestyle1,46.15384
2023-04-26,Lifestyle1,23.07692
2023-04-27,Lifestyle1,23.07692
2023-04-28,Lifestyle1,23.07692
2023-04-29,Lifestyle1,7.6923
2023-05-01,Lifestyle1,15.38461
2023-05-02,Lifestyle1,15.38461
2023-05-03,Lifestyle1,7.6923
2023-05-04,Lifestyle1,7.6923
2023-05-05,Lifestyle1,23.07692
2023-05-07,Lifestyle1,15.38461
2023-05-08,Lifestyle1,38.46153
2023-05-09,Lifestyle1,30.76923
2023-05-10,Lifestyle1,61.53846
2023-05-11,Lifestyle1,30.76923
2023-05-12,Lifestyle1,23.07692
2023-05-15,Lifestyle1,46.15384
2023-05-16,Lifestyle1,30.76923
2023-05-17,Lifestyle1,76.92307
2023-05-18,Lifestyle1,69.23076
2023-05-19,Lifestyle1,7.6923
2023-05-20,Lifestyle1,15.38461
2023-05-22,Lifestyle1,38.46153
2023-05-23,Lifestyle1,7.6923
2023-05-24,Lifestyle1,15.38461
2023-05-25,Lifestyle1,23.07692
2023-05-26,Lifestyle1,15.38461
2023-05-28,Lifestyle1,23.07692
2023-05-29,Lifestyle1,30.76923
2023-05-30,Lifestyle1,92.30769
2023-05-31,Lifestyle1,23.07692
2023-06-02,Lifestyle1,23.07692
2023-06-03,Lifestyle1,7.6923
2023-06-04,Lifestyle1,15.38461
2023-06-05,Lifestyle1,23.07692
2023-06-06,Lifestyle1,61.53846
2023-06-07,Lifestyle1,61.53846
2023-06-08,Lifestyle1,38.46153
2023-06-09,Lifestyle1,23.07692
2023-06-10,Lifestyle1,7.6923
2023-06-11,Lifestyle1,15.38461
2023-06-12,Lifestyle1,61.53846
2023-06-13,Lifestyle1,15.38461
2023-06-14,Lifestyle1,15.38461
2023-06-15,Lifestyle1,46.15384
2023-06-16,Lifestyle1,46.15384
2023-06-18,Lifestyle1,15.38461
2023-06-19,Lifestyle1,30.76923
2023-06-20,Lifestyle1,30.76923
2023-06-21,Lifestyle1,15.38461
2023-06-22,Lifestyle1,30.76923
2023-06-23,Lifestyle1,38.46153
2023-06-28,Lifestyle1,23.07692
2023-07-03,Lifestyle1,15.38461
2023-07-05,Lifestyle1,15.38461
2023-07-06,Lifestyle1,7.6923
2023-07-07,Lifestyle1,15.38461
2023-07-10,Lifestyle1,15.38461
2023-07-11,Lifestyle1,30.76923
2023-07-12,Lifestyle1,7.6923
2023-07-13,Lifestyle1,15.38461
2023-07-14,Lifestyle1,15.38461
2023-07-16,Lifestyle1,7.6923
2023-07-17,Lifestyle1,7.6923
2023-07-19,Lifestyle1,30.76923
2023-07-20,Lifestyle1,30.76923
2023-07-21,Lifestyle1,7.6923
2023-07-22,Lifestyle1,23.07692
2023-07-23,Lifestyle1,7.6923
2023-07-24,Lifestyle1,23.07692
2023-07-25,Lifestyle1,23.07692
2023-07-26,Lifestyle1,23.07692
2023-07-27,Lifestyle1,38.46153
2023-07-28,Lifestyle1,15.38461
2023-07-29,Lifestyle1,15.38461
2023-07-31,Lifestyle1,15.38461
2023-08-01,Lifestyle1,23.07692
2023-08-02,Lifestyle1,38.46153
2023-08-03,Lifestyle1,46.15384
2023-08-04,Lifestyle1,15.38461
2023-08-06,Lifestyle1,7.6923
2023-08-07,Lifestyle1,7.6923
2023-08-08,Lifestyle1,23.07692
2023-08-09,Lifestyle1,7.6923
2023-08-10,Lifestyle1,15.38461
2023-08-11,Lifestyle1,7.6923
2023-08-14,Lifestyle1,23.07692
2023-08-15,Lifestyle1,15.38461
2023-08-16,Lifestyle1,23.07692
2023-08-17,Lifestyle1,7.6923
2023-08-18,Lifestyle1,7.6923
2023-08-20,Lifestyle1,15.38461
2023-08-21,Lifestyle1,30.76923
2023-08-22,Lifestyle1,15.38461
2023-08-23,Lifestyle1,23.07692
2023-08-24,Lifestyle1,7.6923
2023-08-25,Lifestyle1,15.38461
2023-08-26,Lifestyle1,15.38461
2023-08-27,Lifestyle1,15.38461
2023-08-28,Lifestyle1,46.15384
2023-08-29,Lifestyle1,7.6923
2023-08-30,Lifestyle1,30.76923
2023-08-31,Lifestyle1,15.38461
2023-09-01,Lifestyle1,15.38461
2023-09-03,Lifestyle1,15.38461
2023-09-04,Lifestyle1,23.07692
2023-09-05,Lifestyle1,46.15384
2023-09-06,Lifestyle1,23.07692
2023-09-07,Lifestyle1,7.6923
2023-09-08,Lifestyle1,7.6923
2023-09-10,Lifestyle1,30.76923
2023-09-11,Lifestyle1,38.46153
2023-09-12,Lifestyle1,15.38461
2023-09-13,Lifestyle1,15.38461
2023-09-14,Lifestyle1,15.38461
2023-09-15,Lifestyle1,30.76923
2023-09-18,Lifestyle1,46.15384
2023-09-19,Lifestyle1,7.6923
2023-09-20,Lifestyle1,30.76923
2023-09-21,Lifestyle1,7.6923
2023-09-22,Lifestyle1,15.38461
2023-09-23,Lifestyle1,7.6923
2023-09-24,Lifestyle1,7.6923
2023-09-25,Lifestyle1,30.76923
2023-09-26,Lifestyle1,23.07692
2023-09-30,Lifestyle1,7.6923
2023-10-02,Lifestyle1,15.38461
2023-10-03,Lifestyle1,7.6923
2023-10-04,Lifestyle1,69.23076
2023-10-05,Lifestyle1,38.46153
2023-10-06,Lifestyle1,15.38461
2023-10-08,Lifestyle1,7.6923
2023-10-09,Lifestyle1,7.6923
2023-10-10,Lifestyle1,30.76923
2023-10-11,Lifestyle1,23.07692
2023-10-12,Lifestyle1,15.38461
2023-10-13,Lifestyle1,15.38461
2023-10-14,Lifestyle1,15.38461
2023-10-15,Lifestyle1,7.6923
2023-10-16,Lifestyle1,53.84615
2023-10-17,Lifestyle1,7.6923
2023-10-18,Lifestyle1,23.07692
2023-10-19,Lifestyle1,61.53846
2023-10-20,Lifestyle1,46.15384
2023-10-23,Lifestyle1,100.0
2023-10-24,Lifestyle1,15.38461
2023-10-26,Lifestyle1,30.76923
2023-10-27,Lifestyle1,23.07692
2023-10-28,Lifestyle1,15.38461
2023-10-30,Lifestyle1,15.38461
2023-10-31,Lifestyle1,38.46153
2023-11-01,Lifestyle1,15.38461
2023-11-02,Lifestyle1,15.38461
2023-11-03,Lifestyle1,15.38461
2023-11-06,Lifestyle1,30.76923
2023-11-07,Lifestyle1,15.38461
2023-11-08,Lifestyle1,23.07692
2023-11-10,Lifestyle1,7.6923
2023-11-12,Lifestyle1,30.76923
2023-11-13,Lifestyle1,23.07692
2023-11-15,Lifestyle1,23.07692
2023-11-16,Lifestyle1,23.07692
2023-11-19,Lifestyle1,38.46153
2023-11-20,Lifestyle1,15.38461
2023-11-21,Lifestyle1,53.84615
2023-11-22,Lifestyle1,38.46153
2023-11-23,Lifestyle1,15.38461
2023-11-26,Lifestyle1,15.38461
2023-11-27,Lifestyle1,15.38461
2023-11-29,Lifestyle1,15.38461
2023-11-30,Lifestyle1,46.15384
2023-12-01,Lifestyle1,15.38461
2023-12-03,Lifestyle1,15.38461
2023-12-04,Lifestyle1,46.15384
2023-12-05,Lifestyle1,38.46153
2023-12-06,Lifestyle1,23.07692
2023-12-07,Lifestyle1,23.07692
2023-12-08,Lifestyle1,7.6923
2023-12-09,Lifestyle1,7.6923
2023-12-10,Lifestyle1,7.6923
2023-12-11,Lifestyle1,23.07692
2023-12-12,Lifestyle1,30.76923
2023-12-13,Lifestyle1,23.07692
2023-12-14,Lifestyle1,23.07692
2023-12-17,Lifestyle1,7.6923
2023-12-18,Lifestyle1,38.46153
2023-12-19,Lifestyle1,7.6923
2023-12-20,Lifestyle1,23.07692
2023-12-21,Lifestyle1,46.15384
2023-12-23,Lifestyle1,7.6923
2023-12-24,Lifestyle1,15.38461
2023-12-26,Lifestyle1,15.38461
2023-12-27,Lifestyle1,7.6923
2023-12-28,Lifestyle1,7.6923
2023-12-29,Lifestyle1,38.46153
2024-01-01,Lifestyle1,7.6923
2024-01-02,Lifestyle1,7.6923
2024-01-03,Lifestyle1,7.6923
2024-01-04,Lifestyle1,7.6923
2024-01-05,Lifestyle1,30.76923
2024-01-06,Lifestyle1,7.6923
2024-01-09,Lifestyle1,23.07692
2024-01-11,Lifestyle1,15.38461
2024-01-12,Lifestyle1,15.38461
2024-01-15,Lifestyle1,15.38461
2024-01-16,Lifestyle1,15.38461
2024-01-17,Lifestyle1,7.6923
2024-01-19,Lifestyle1,15.38461
2024-01-21,Lifestyle1,30.76923
2024-01-22,Lifestyle1,7.6923
2024-01-23,Lifestyle1,23.07692
2024-01-24,Lifestyle1,23.07692
2024-01-25,Lifestyle1,23.07692
2024-01-26,Lifestyle1,15.38461
2024-01-27,Lifestyle1,23.07692
2024-01-29,Lifestyle1,23.07692
2024-01-30,Lifestyle1,30.76923
2024-01-31,Lifestyle1,23.07692
2024-02-01,Lifestyle1,7.6923
2024-02-02,Lifestyle1,7.6923
2024-02-03,Lifestyle1,7.6923
2024-02-06,Lifestyle1,53.84615
2024-02-07,Lifestyle1,15.38461
2024-02-11,Lifestyle1,7.6923
2024-02-14,Lifestyle1,7.6923
2024-02-16,Lifestyle1,15.38461
2024-02-17,Lifestyle1,15.38461
2024-02-18,Lifestyle1,7.6923
2024-02-19,Lifestyle1,7.6923
2024-02-20,Lifestyle1,15.38461
2024-02-21,Lifestyle1,15.38461
2024-02-22,Lifestyle1,7.6923
2024-02-23,Lifestyle1,7.6923
2024-02-24,Lifestyle1,7.6923
2024-02-25,Lifestyle1,7.6923
2024-02-26,Lifestyle1,69.23076
2024-02-28,Lifestyle1,15.38461
2024-02-29,Lifestyle1,23.07692
2024-03-02,Lifestyle1,15.38461
2024-03-03,Lifestyle1,23.07692
2024-03-04,Lifestyle1,30.76923
2024-03-05,Lifestyle1,23.07692
2024-03-06,Lifestyle1,23.07692
2024-03-07,Lifestyle1,15.38461
2024-03-08,Lifestyle1,46.15384
2024-03-11,Lifestyle1,23.07692
2024-03-12,Lifestyle1,15.38461
2024-03-13,Lifestyle1,7.6923
2024-03-14,Lifestyle1,7.6923
2024-03-15,Lifestyle1,15.38461
2024-03-16,Lifestyle1,7.6923
2024-03-18,Lifestyle1,23.07692
2024-03-19,Lifestyle1,7.6923
2024-03-20,Lifestyle1,7.6923
2024-03-24,Lifestyle1,53.84615
2024-03-25,Lifestyle1,23.07692
2024-03-26,Lifestyle1,7.6923
2024-03-27,Lifestyle1,7.6923
2024-03-28,Lifestyle1,15.38461
2024-03-29,Lifestyle1,7.6923
2024-03-30,Lifestyle1,7.6923
2024-03-31,Lifestyle1,15.38461
2024-04-01,Lifestyle1,15.38461
2024-04-02,Lifestyle1,46.15384
2024-04-03,Lifestyle1,38.46153
2024-04-04,Lifestyle1,15.38461
2024-04-05,Lifestyle1,7.6923
2024-04-06,Lifestyle1,7.6923
2024-04-08,Lifestyle1,38.46153
2024-04-09,Lifestyle1,15.38461
2024-04-10,Lifestyle1,23.07692
2024-04-12,Lifestyle1,38.46153
2024-04-13,Lifestyle1,7.6923
2024-04-14,Lifestyle1,23.07692
2024-04-15,Lifestyle1,30.76923
2024-04-16,Lifestyle1,53.84615
2024-04-17,Lifestyle1,23.07692
2024-04-18,Lifestyle1,23.07692
2024-04-19,Lifestyle1,30.76923
2024-04-20,Lifestyle1,15.38461
2024-04-22,Lifestyle1,53.84615
2024-04-23,Lifestyle1,15.38461
2024-04-24,Lifestyle1,53.84615
2024-04-25,Lifestyle1,23.07692
2024-04-26,Lifestyle1,7.6923
2024-04-27,Lifestyle1,15.38461
2024-04-28,Lifestyle1,38.46153
2024-04-29,Lifestyle1,23.07692
2024-05-01,Lifestyle1,7.6923
2024-05-02,Lifestyle1,38.46153
2024-05-03,Lifestyle1,46.15384
2024-05-06,Lifestyle1,7.6923
2024-05-07,Lifestyle1,30.76923
2024-05-08,Lifestyle1,23.07692
2024-05-09,Lifestyle1,30.76923
2024-05-10,Lifestyle1,30.76923
2024-05-13,Lifestyle1,30.76923
2024-05-15,Lifestyle1,15.38461
2024-05-16,Lifestyle1,7.6923
2024-05-17,Lifestyle1,30.76923
2024-05-19,Lifestyle1,23.07692
2024-05-20,Lifestyle1,76.92307
2024-05-21,Lifestyle1,23.07692
2024-05-22,Lifestyle1,7.6923
2024-05-23,Lifestyle1,7.6923
2024-05-24,Lifestyle1,15.38461
2024-05-25,Lifestyle1,15.38461
2024-05-26,Lifestyle1,7.6923
2024-05-27,Lifestyle1,38.46153
2024-05-29,Lifestyle1,15.38461
2024-05-30,Lifestyle1,15.38461
2024-05-31,Lifestyle1,7.6923
2024-06-02,Lifestyle1,7.6923
2024-06-03,Lifestyle1,15.38461
2024-06-04,Lifestyle1,7.6923
2024-06-05,Lifestyle1,15.38461
2024-06-06,Lifestyle1,7.6923
2024-06-07,Lifestyle1,30.76923
2024-06-09,Lifestyle1,46.15384
2024-06-10,Lifestyle1,30.76923
2024-06-11,Lifestyle1,46.15384
2024-06-13,Lifestyle1,7.6923
2024-06-14,Lifestyle1,15.38461
2024-06-16,Lifestyle1,7.6923
2024-06-17,Lifestyle1,30.76923
2024-06-18,Lifestyle1,46.15384
2024-06-19,Lifestyle1,15.38461
2024-06-21,Lifestyle1,7.6923
2024-06-23,Lifestyle1,7.6923
2024-06-25,Lifestyle1,15.38461
2024-06-26,Lifestyle1,23.07692
2024-06-27,Lifestyle1,7.6923
2024-06-29,Lifestyle1,7.6923
2024-07-01,Lifestyle1,7.6923
2024-07-04,Lifestyle1,23.07692
2024-07-05,Lifestyle1,15.38461
2024-07-08,Lifestyle1,15.38461
2024-07-09,Lifestyle1,7.6923
2024-07-10,Lifestyle1,30.76923
2024-07-14,Lifestyle1,38.46153
2024-07-15,Lifestyle1,23.07692
2024-07-16,Lifestyle1,7.6923
2024-07-17,Lifestyle1,7.6923
2024-07-18,Lifestyle1,15.38461
2024-07-20,Lifestyle1,7.6923
2024-07-21,Lifestyle1,7.6923
2024-07-22,Lifestyle1,7.6923
2024-07-23,Lifestyle1,30.76923
2024-07-24,Lifestyle1,15.38461
2024-07-25,Lifestyle1,7.6923
2024-07-26,Lifestyle1,30.76923
2024-07-29,Lifestyle1,30.76923
2024-07-31,Lifestyle1,7.6923
2024-08-01,Lifestyle1,7.6923
2024-08-02,Lifestyle1,15.38461
2024-08-03,Lifestyle1,15.38461
2024-08-05,Lifestyle1,7.6923
2024-08-06,Lifestyle1,15.38461
2024-08-08,Lifestyle1,15.38461
2024-08-09,Lifestyle1,7.6923
2024-08-13,Lifestyle1,30.76923
2024-08-14,Lifestyle1,15.38461
2024-08-16,Lifestyle1,15.38461
2024-08-17,Lifestyle1,7.6923
2024-08-18,Lifestyle1,15.38461
2024-08-19,Lifestyle1,30.76923
2024-08-20,Lifestyle1,7.6923
2024-08-21,Lifestyle1,23.07692
2024-08-22,Lifestyle1,23.07692
2024-08-26,Lifestyle1,23.07692
2024-08-27,Lifestyle1,23.07692
2024-08-28,Lifestyle1,15.38461
2024-08-29,Lifestyle1,23.07692
2024-09-02,Lifestyle1,23.07692
2024-09-03,Lifestyle1,7.6923
2024-09-04,Lifestyle1,23.07692
2024-09-06,Lifestyle1,15.38461
2024-09-07,Lifestyle1,15.38461
2024-09-09,Lifestyle1,15.38461
2024-09-11,Lifestyle1,30.76923
2024-09-13,Lifestyle1,30.76923
2024-09-16,Lifestyle1,7.6923
2024-09-18,Lifestyle1,7.6923
2024-09-19,Lifestyle1,15.38461
2024-09-20,Lifestyle1,30.76923
2024-09-21,Lifestyle1,15.38461
2024-09-23,Lifestyle1,7.6923
2024-09-25,Lifestyle1,38.46153
2024-09-27,Lifestyle1,61.53846
2024-09-30,Lifestyle1,7.6923
2024-10-01,Lifestyle1,30.76923
2024-10-02,Lifestyle1,30.76923
2024-10-03,Lifestyle1,53.84615
2024-10-04,Lifestyle1,15.38461
2024-10-05,Lifestyle1,7.6923
2024-10-06,Lifestyle1,15.38461
2024-10-07,Lifestyle1,30.76923
2024-10-08,Lifestyle1,23.07692
2024-10-10,Lifestyle1,23.07692
2024-10-11,Lifestyle1,23.07692
2024-10-12,Lifestyle1,23.07692
2024-10-14,Lifestyle1,46.15384
2024-10-15,Lifestyle1,15.38461
2024-10-16,Lifestyle1,69.23076
2024-10-17,Lifestyle1,23.07692
2024-10-18,Lifestyle1,7.6923
2024-10-19,Lifestyle1,15.38461
2024-10-20,Lifestyle1,7.6923
2024-10-21,Lifestyle1,61.53846
2024-10-22,Lifestyle1,7.6923
2024-10-23,Lifestyle1,30.76923
2024-10-24,Lifestyle1,15.38461
2024-10-25,Lifestyle1,7.6923
2024-10-26,Lifestyle1,30.76923
2024-10-27,Lifestyle1,7.6923
2024-10-28,Lifestyle1,30.76923
2024-10-29,Lifestyle1,7.6923
2024-10-30,Lifestyle1,23.07692
2024-10-31,Lifestyle1,30.76923
2024-11-03,Lifestyle1,30.76923
2024-11-05,Lifestyle1,38.46153
2024-11-06,Lifestyle1,15.38461
2024-11-07,Lifestyle1,23.07692
2024-11-08,Lifestyle1,7.6923
2024-11-09,Lifestyle1,15.38461
2024-11-12,Lifestyle1,23.07692
2024-11-13,Lifestyle1,15.38461
2024-11-14,Lifestyle1,15.38461
2024-11-15,Lifestyle1,23.07692
2024-11-16,Lifestyle1,23.07692
2024-11-18,Lifestyle1,15.38461
2024-11-19,Lifestyle1,30.76923
2024-11-20,Lifestyle1,7.6923
2024-11-21,Lifestyle1,15.38461
2024-11-22,Lifestyle1,7.6923
2024-11-23,Lifestyle1,7.6923
2024-11-24,Lifestyle1,15.38461
2024-11-25,Lifestyle1,7.6923
2024-11-26,Lifestyle1,7.6923
2024-11-27,Lifestyle1,23.07692
2024-11-28,Lifestyle1,38.46153
2024-11-29,Lifestyle1,15.38461
2024-12-01,Lifestyle1,7.6923
2024-12-02,Lifestyle1,7.6923
2024-12-04,Lifestyle1,7.6923
2024-12-05,Lifestyle1,7.6923
2024-12-06,Lifestyle1,38.46153
2024-12-11,Lifestyle1,7.6923
2024-12-12,Lifestyle1,15.38461
2024-12-13,Lifestyle1,15.38461
2024-12-15,Lifestyle1,23.07692
2024-12-16,Lifestyle1,15.38461
2024-12-17,Lifestyle1,7.6923
2024-12-18,Lifestyle1,23.07692
2024-12-19,Lifestyle1,7.6923
2024-12-24,Lifestyle1,23.07692
2024-12-25,Lifestyle1,7.6923
2024-12-26,Lifestyle1,15.38461
2024-12-27,Lifestyle1,38.46153
2024-12-30,Lifestyle1,15.38461
2025-01-02,Lifestyle1,15.38461
2025-01-03,Lifestyle1,15.38461
2025-01-06,Lifestyle1,7.6923
2025-01-07,Lifestyle1,23.07692
2025-01-08,Lifestyle1,7.6923
2025-01-09,Lifestyle1,7.6923
2025-01-10,Lifestyle1,7.6923
2025-01-13,Lifestyle1,7.6923
2025-01-15,Lifestyle1,15.38461
2025-01-16,Lifestyle1,23.07692
2025-01-17,Lifestyle1,15.38461
2025-01-20,Lifestyle1,7.6923
2025-01-21,Lifestyle1,15.38461
2025-01-22,Lifestyle1,23.07692
2025-01-23,Lifestyle1,15.38461
2025-01-30,Lifestyle1,7.6923
2025-01-31,Lifestyle1,7.6923
2025-02-01,Lifestyle1,15.38461
2025-02-05,Lifestyle1,7.6923
2025-02-06,Lifestyle1,7.6923
2025-02-07,Lifestyle1,15.38461
2025-02-09,Lifestyle1,7.6923
2025-02-10,Lifestyle1,7.6923
2025-02-11,Lifestyle1,7.6923
2025-02-12,Lifestyle1,23.07692
2025-02-13,Lifestyle1,15.38461
2025-02-15,Lifestyle1,7.6923
2025-02-17,Lifestyle1,7.6923
2025-02-20,Lifestyle1,7.6923
2025-02-23,Lifestyle1,15.38461
2025-02-26,Lifestyle1,15.38461
2025-03-04,Lifestyle1,23.07692
2025-03-05,Lifestyle1,7.6923
2025-03-06,Lifestyle1,7.6923
2025-03-07,Lifestyle1,15.38461
2025-03-08,Lifestyle1,7.6923
2025-03-10,Lifestyle1,15.38461
2025-03-12,Lifestyle1,7.6923
2025-03-13,Lifestyle1,7.6923
2025-03-14,Lifestyle1,7.6923
2025-03-17,Lifestyle1,53.84615
2025-03-18,Lifestyle1,7.6923
2025-03-19,Lifestyle1,7.6923
2025-03-20,Lifestyle1,30.76923
2025-03-21,Lifestyle1,23.07692
2025-03-24,Lifestyle1,7.6923
2025-03-27,Lifestyle1,23.07692
2025-03-30,Lifestyle1,15.38461
2025-03-31,Lifestyle1,7.6923
2025-04-01,Lifestyle1,15.38461
2023-04-01,Lifestyle2,15.38461
2023-04-02,Lifestyle2,7.6923
2023-04-03,Lifestyle2,30.76923
2023-04-04,Lifestyle2,7.6923
2023-04-05,Lifestyle2,15.38461
2023-04-06,Lifestyle2,46.15384
2023-04-07,Lifestyle2,30.76923
2023-04-09,Lifestyle2,23.07692
2023-04-10,Lifestyle2,61.53846
2023-04-11,Lifestyle2,7.6923
2023-04-12,Lifestyle2,15.38461
2023-04-13,Lifestyle2,23.07692
2023-04-14,Lifestyle2,7.6923
2023-04-15,Lifestyle2,7.6923
2023-04-17,Lifestyle2,15.38461
2023-04-18,Lifestyle2,38.46153
2023-04-19,Lifestyle2,23.07692
2023-04-20,Lifestyle2,23.07692
2023-04-21,Lifestyle2,30.76923
2023-04-22,Lifestyle2,30.76923
2023-04-23,Lifestyle2,61.53846
2023-04-24,Lifestyle2,30.76923
2023-04-25,Lifestyle2,30.76923
2023-04-26,Lifestyle2,84.61538
2023-04-28,Lifestyle2,15.38461
2023-04-30,Lifestyle2,46.15384
2023-05-01,Lifestyle2,30.76923
2023-05-02,Lifestyle2,53.84615
2023-05-03,Lifestyle2,46.15384
2023-05-04,Lifestyle2,15.38461
2023-05-05,Lifestyle2,15.38461
2023-05-07,Lifestyle2,7.6923
2023-05-08,Lifestyle2,30.76923
2023-05-09,Lifestyle2,7.6923
2023-05-10,Lifestyle2,46.15384
2023-05-11,Lifestyle2,23.07692
2023-05-12,Lifestyle2,46.15384
2023-05-13,Lifestyle2,7.6923
2023-05-14,Lifestyle2,30.76923
2023-05-15,Lifestyle2,23.07692
2023-05-16,Lifestyle2,7.6923
2023-05-17,Lifestyle2,46.15384
2023-05-18,Lifestyle2,15.38461
2023-05-19,Lifestyle2,23.07692
2023-05-20,Lifestyle2,7.6923
2023-05-22,Lifestyle2,46.15384
2023-05-23,Lifestyle2,38.46153
2023-05-24,Lifestyle2,7.6923
2023-05-25,Lifestyle2,7.6923
2023-05-26,Lifestyle2,7.6923
2023-05-27,Lifestyle2,15.38461
2023-05-28,Lifestyle2,15.38461
2023-05-29,Lifestyle2,7.6923
2023-05-30,Lifestyle2,38.46153
2023-05-31,Lifestyle2,23.07692
2023-06-01,Lifestyle2,7.6923
2023-06-02,Lifestyle2,53.84615
2023-06-03,Lifestyle2,7.6923
2023-06-05,Lifestyle2,30.76923
2023-06-06,Lifestyle2,7.6923
2023-06-07,Lifestyle2,23.07692
2023-06-08,Lifestyle2,15.38461
2023-06-09,Lifestyle2,30.76923
2023-06-11,Lifestyle2,15.38461
2023-06-12,Lifestyle2,53.84615
2023-06-13,Lifestyle2,30.76923
2023-06-14,Lifestyle2,53.84615
2023-06-15,Lifestyle2,15.38461
2023-06-16,Lifestyle2,30.76923
2023-06-18,Lifestyle2,46.15384
2023-06-19,Lifestyle2,15.38461
2023-06-20,Lifestyle2,30.76923
2023-06-21,Lifestyle2,38.46153
2023-06-22,Lifestyle2,15.38461
2023-06-23,Lifestyle2,15.38461
2023-06-24,Lifestyle2,23.07692
2023-06-26,Lifestyle2,15.38461
2023-06-27,Lifestyle2,38.46153
2023-06-28,Lifestyle2,7.6923
2023-06-29,Lifestyle2,23.07692
2023-06-30,Lifestyle2,15.38461
2023-07-03,Lifestyle2,23.07692
2023-07-04,Lifestyle2,23.07692
2023-07-05,Lifestyle2,53.84615
2023-07-06,Lifestyle2,23.07692
2023-07-07,Lifestyle2,7.6923
2023-07-08,Lifestyle2,7.6923
2023-07-09,Lifestyle2,7.6923
2023-07-11,Lifestyle2,15.38461
2023-07-12,Lifestyle2,30.76923
2023-07-13,Lifestyle2,38.46153
2023-07-14,Lifestyle2,38.46153
2023-07-15,Lifestyle2,7.6923
2023-07-16,Lifestyle2,15.38461
2023-07-17,Lifestyle2,23.07692
2023-07-18,Lifestyle2,7.6923
2023-07-19,Lifestyle2,7.6923
2023-07-20,Lifestyle2,7.6923
2023-07-21,Lifestyle2,38.46153
2023-07-24,Lifestyle2,15.38461
2023-07-25,Lifestyle2,7.6923
2023-07-26,Lifestyle2,7.6923
2023-07-27,Lifestyle2,30.76923
2023-07-28,Lifestyle2,15.38461
2023-07-29,Lifestyle2,7.6923
2023-07-31,Lifestyle2,30.76923
2023-08-01,Lifestyle2,7.6923
2023-08-02,Lifestyle2,38.46153
2023-08-03,Lifestyle2,30.76923
2023-08-04,Lifestyle2,23.07692
2023-08-05,Lifestyle2,7.6923
2023-08-06,Lifestyle2,7.6923
2023-08-07,Lifestyle2,30.76923
2023-08-08,Lifestyle2,15.38461
2023-08-09,Lifestyle2,7.6923
2023-08-10,Lifestyle2,15.38461
2023-08-11,Lifestyle2,23.07692
2023-08-12,Lifestyle2,7.6923
2023-08-14,Lifestyle2,15.38461
2023-08-16,Lifestyle2,23.07692
2023-08-17,Lifestyle2,15.38461
2023-08-19,Lifestyle2,7.6923
2023-08-20,Lifestyle2,23.07692
2023-08-23,Lifestyle2,7.6923
2023-08-24,Lifestyle2,30.76923
2023-08-25,Lifestyle2,15.38461
2023-08-26,Lifestyle2,7.6923
2023-08-27,Lifestyle2,15.38461
2023-08-28,Lifestyle2,23.07692
2023-08-29,Lifestyle2,38.46153
2023-08-30,Lifestyle2,15.38461
2023-08-31,Lifestyle2,7.6923
2023-09-01,Lifestyle2,7.6923
2023-09-03,Lifestyle2,7.6923
2023-09-04,Lifestyle2,23.07692
2023-09-05,Lifestyle2,23.07692
2023-09-06,Lifestyle2,53.84615
2023-09-07,Lifestyle2,7.6923
2023-09-08,Lifestyle2,30.76923
2023-09-10,Lifestyle2,23.07692
2023-09-11,Lifestyle2,46.15384
2023-09-12,Lifestyle2,7.6923
2023-09-13,Lifestyle2,61.53846
2023-09-14,Lifestyle2,23.07692
2023-09-15,Lifestyle2,38.46153
2023-09-16,Lifestyle2,23.07692
2023-09-17,Lifestyle2,7.6923
2023-09-18,Lifestyle2,53.84615
2023-09-19,Lifestyle2,38.46153
2023-09-20,Lifestyle2,38.46153
2023-09-21,Lifestyle2,15.38461
2023-09-22,Lifestyle2,23.07692
2023-09-24,Lifestyle2,7.6923
2023-09-25,Lifestyle2,46.15384
2023-09-26,Lifestyle2,46.15384
2023-09-27,Lifestyle2,38.46153
2023-09-29,Lifestyle2,23.07692
2023-10-01,Lifestyle2,38.46153
2023-10-04,Lifestyle2,23.07692
2023-10-05,Lifestyle2,53.84615
2023-10-06,Lifestyle2,23.07692
2023-10-09,Lifestyle2,15.38461
2023-10-10,Lifestyle2,23.07692
2023-10-11,Lifestyle2,46.15384
2023-10-12,Lifestyle2,61.53846
2023-10-13,Lifestyle2,53.84615
2023-10-14,Lifestyle2,38.46153
2023-10-16,Lifestyle2,53.84615
2023-10-17,Lifestyle2,30.76923
2023-10-18,Lifestyle2,38.46153
2023-10-19,Lifestyle2,23.07692
2023-10-20,Lifestyle2,30.76923
2023-10-22,Lifestyle2,7.6923
2023-10-23,Lifestyle2,53.84615
2023-10-24,Lifestyle2,76.92307
2023-10-25,Lifestyle2,7.6923
2023-10-26,Lifestyle2,30.76923
2023-10-30,Lifestyle2,15.38461
2023-10-31,Lifestyle2,30.76923
2023-11-01,Lifestyle2,38.46153
2023-11-02,Lifestyle2,7.6923
2023-11-03,Lifestyle2,7.6923
2023-11-04,Lifestyle2,23.07692
2023-11-05,Lifestyle2,15.38461
2023-11-06,Lifestyle2,46.15384
2023-11-07,Lifestyle2,15.38461
2023-11-08,Lifestyle2,46.15384
2023-11-09,Lifestyle2,23.07692
2023-11-10,Lifestyle2,30.76923
2023-11-11,Lifestyle2,7.6923
2023-11-13,Lifestyle2,7.6923
2023-11-15,Lifestyle2,15.38461
2023-11-17,Lifestyle2,15.38461
2023-11-19,Lifestyle2,23.07692
2023-11-20,Lifestyle2,23.07692
2023-11-21,Lifestyle2,15.38461
2023-11-23,Lifestyle2,23.07692
2023-11-24,Lifestyle2,38.46153
2023-11-25,Lifestyle2,15.38461
2023-11-27,Lifestyle2,38.46153
2023-11-28,Lifestyle2,15.38461
2023-11-29,Lifestyle2,38.46153
2023-11-30,Lifestyle2,38.46153
2023-12-01,Lifestyle2,100.0
2023-12-02,Lifestyle2,7.6923
2023-12-03,Lifestyle2,7.6923
2023-12-04,Lifestyle2,38.46153
2023-12-05,Lifestyle2,7.6923
2023-12-06,Lifestyle2,61.53846
2023-12-07,Lifestyle2,15.38461
2023-12-08,Lifestyle2,23.07692
2023-12-09,Lifestyle2,15.38461
2023-12-10,Lifestyle2,15.38461
2023-12-11,Lifestyle2,53.84615
2023-12-12,Lifestyle2,23.07692
2023-12-14,Lifestyle2,38.46153
2023-12-17,Lifestyle2,7.6923
2023-12-18,Lifestyle2,30.76923
2023-12-19,Lifestyle2,30.76923
2023-12-20,Lifestyle2,15.38461
2023-12-21,Lifestyle2,7.6923
2023-12-22,Lifestyle2,23.07692
2023-12-26,Lifestyle2,15.38461
2023-12-27,Lifestyle2,30.76923
2023-12-28,Lifestyle2,15.38461
2023-12-30,Lifestyle2,15.38461
2024-01-01,Lifestyle2,15.38461
2024-01-03,Lifestyle2,23.07692
2024-01-04,Lifestyle2,7.6923
2024-01-05,Lifestyle2,7.6923
2024-01-06,Lifestyle2,7.6923
2024-01-08,Lifestyle2,15.38461
2024-01-09,Lifestyle2,7.6923
2024-01-10,Lifestyle2,23.07692
2024-01-11,Lifestyle2,38.46153
2024-01-12,Lifestyle2,7.6923
2024-01-13,Lifestyle2,23.07692
2024-01-14,Lifestyle2,7.6923
2024-01-15,Lifestyle2,7.6923
2024-01-16,Lifestyle2,15.38461
2024-01-17,Lifestyle2,7.6923
2024-01-18,Lifestyle2,15.38461
2024-01-19,Lifestyle2,38.46153
2024-01-22,Lifestyle2,23.07692
2024-01-23,Lifestyle2,23.07692
2024-01-24,Lifestyle2,30.76923
2024-01-25,Lifestyle2,7.6923
2024-01-26,Lifestyle2,7.6923
2024-01-29,Lifestyle2,23.07692
2024-01-30,Lifestyle2,30.76923
2024-01-31,Lifestyle2,23.07692
2024-02-01,Lifestyle2,46.15384
2024-02-02,Lifestyle2,7.6923
2024-02-04,Lifestyle2,30.76923
2024-02-06,Lifestyle2,23.07692
2024-02-07,Lifestyle2,23.07692
2024-02-08,Lifestyle2,7.6923
2024-02-12,Lifestyle2,7.6923
2024-02-13,Lifestyle2,30.76923
2024-02-14,Lifestyle2,46.15384
2024-02-15,Lifestyle2,15.38461
2024-02-16,Lifestyle2,69.23076
2024-02-17,Lifestyle2,15.38461
2024-02-18,Lifestyle2,23.07692
2024-02-19,Lifestyle2,23.07692
2024-02-20,Lifestyle2,7.6923
2024-02-21,Lifestyle2,7.6923
2024-02-22,Lifestyle2,7.6923
2024-02-23,Lifestyle2,23.07692
2024-02-24,Lifestyle2,15.38461
2024-02-25,Lifestyle2,7.6923
2024-02-26,Lifestyle2,15.38461
2024-02-27,Lifestyle2,15.38461
2024-02-28,Lifestyle2,23.07692
2024-02-29,Lifestyle2,7.6923
2024-03-01,Lifestyle2,23.07692
2024-03-02,Lifestyle2,15.38461
2024-03-04,Lifestyle2,7.6923
2024-03-05,Lifestyle2,53.84615
2024-03-06,Lifestyle2,23.07692
2024-03-07,Lifestyle2,7.6923
2024-03-08,Lifestyle2,46.15384
2024-03-09,Lifestyle2,7.6923
2024-03-11,Lifestyle2,30.76923
2024-03-12,Lifestyle2,30.76923
2024-03-13,Lifestyle2,38.46153
2024-03-14,Lifestyle2,38.46153
2024-03-15,Lifestyle2,30.76923
2024-03-16,Lifestyle2,7.6923
2024-03-17,Lifestyle2,15.38461
2024-03-18,Lifestyle2,7.6923
2024-03-19,Lifestyle2,53.84615
2024-03-20,Lifestyle2,23.07692
2024-03-21,Lifestyle2,30.76923
2024-03-22,Lifestyle2,30.76923
2024-03-23,Lifestyle2,7.6923
2024-03-24,Lifestyle2,30.76923
2024-03-25,Lifestyle2,7.6923
2024-03-26,Lifestyle2,15.38461
2024-03-27,Lifestyle2,7.6923
2024-03-28,Lifestyle2,38.46153
2024-03-30,Lifestyle2,15.38461
2024-03-31,Lifestyle2,7.6923
2024-04-01,Lifestyle2,15.38461
2024-04-02,Lifestyle2,53.84615
2024-04-03,Lifestyle2,53.84615
2024-04-04,Lifestyle2,38.46153
2024-04-05,Lifestyle2,7.6923
2024-04-07,Lifestyle2,23.07692
2024-04-09,Lifestyle2,46.15384
2024-04-10,Lifestyle2,46.15384
2024-04-11,Lifestyle2,15.38461
2024-04-12,Lifestyle2,23.07692
2024-04-13,Lifestyle2,15.38461
2024-04-14,Lifestyle2,7.6923
2024-04-15,Lifestyle2,38.46153
2024-04-16,Lifestyle2,7.6923
2024-04-17,Lifestyle2,30.76923
2024-04-18,Lifestyle2,46.15384
2024-04-19,Lifestyle2,7.6923
2024-04-21,Lifestyle2,15.38461
2024-04-22,Lifestyle2,30.76923
2024-04-23,Lifestyle2,23.07692
2024-04-24,Lifestyle2,23.07692
2024-04-25,Lifestyle2,7.6923
2024-04-26,Lifestyle2,53.84615
2024-04-27,Lifestyle2,7.6923
2024-04-28,Lifestyle2,7.6923
2024-04-29,Lifestyle2,23.07692
2024-04-30,Lifestyle2,23.07692
2024-05-01,Lifestyle2,15.38461
2024-05-02,Lifestyle2,38.46153
2024-05-03,Lifestyle2,30.76923
2024-05-04,Lifestyle2,7.6923
2024-05-05,Lifestyle2,15.38461
2024-05-06,Lifestyle2,15.38461
2024-05-07,Lifestyle2,23.07692
2024-05-08,Lifestyle2,15.38461
2024-05-09,Lifestyle2,30.76923
2024-05-10,Lifestyle2,7.6923
2024-05-11,Lifestyle2,23.07692
2024-05-12,Lifestyle2,15.38461
2024-05-13,Lifestyle2,15.38461
2024-05-14,Lifestyle2,15.38461
2024-05-16,Lifestyle2,38.46153
2024-05-17,Lifestyle2,30.76923
2024-05-18,Lifestyle2,15.38461
2024-05-20,Lifestyle2,46.15384
2024-05-21,Lifestyle2,15.38461
2024-05-22,Lifestyle2,15.38461
2024-05-23,Lifestyle2,15.38461
2024-05-24,Lifestyle2,15.38461
2024-05-26,Lifestyle2,38.46153
2024-05-27,Lifestyle2,30.76923
2024-05-28,Lifestyle2,23.07692
2024-05-29,Lifestyle2,15.38461
2024-05-30,Lifestyle2,30.76923
2024-05-31,Lifestyle2,46.15384
2024-06-01,Lifestyle2,7.6923
2024-06-02,Lifestyle2,23.07692
2024-06-03,Lifestyle2,30.76923
2024-06-05,Lifestyle2,15.38461
2024-06-06,Lifestyle2,23.07692
2024-06-07,Lifestyle2,7.6923
2024-06-10,Lifestyle2,46.15384
2024-06-11,Lifestyle2,30.76923
2024-06-12,Lifestyle2,23.07692
2024-06-13,Lifestyle2,23.07692
2024-06-14,Lifestyle2,38.46153
2024-06-16,Lifestyle2,7.6923
2024-06-17,Lifestyle2,7.6923
2024-06-18,Lifestyle2,53.84615
2024-06-19,Lifestyle2,23.07692
2024-06-20,Lifestyle2,15.38461
2024-06-21,Lifestyle2,15.38461
2024-06-23,Lifestyle2,23.07692
2024-06-24,Lifestyle2,15.38461
2024-06-25,Lifestyle2,7.6923
2024-06-26,Lifestyle2,15.38461
2024-06-27,Lifestyle2,15.38461
2024-06-30,Lifestyle2,7.6923
2024-07-01,Lifestyle2,30.76923
2024-07-02,Lifestyle2,30.76923
2024-07-03,Lifestyle2,7.6923
2024-07-04,Lifestyle2,7.6923
2024-07-05,Lifestyle2,15.38461
2024-07-06,Lifestyle2,7.6923
2024-07-08,Lifestyle2,38.46153
2024-07-09,Lifestyle2,23.07692
2024-07-10,Lifestyle2,7.6923
2024-07-11,Lifestyle2,15.38461
2024-07-12,Lifestyle2,15.38461
2024-07-15,Lifestyle2,7.6923
2024-07-16,Lifestyle2,23.07692
2024-07-18,Lifestyle2,7.6923
2024-07-19,Lifestyle2,7.6923
2024-07-22,Lifestyle2,7.6923
2024-07-23,Lifestyle2,38.46153
2024-07-24,Lifestyle2,30.76923
2024-07-25,Lifestyle2,7.6923
2024-07-26,Lifestyle2,7.6923
2024-07-29,Lifestyle2,23.07692
2024-07-30,Lifestyle2,15.38461
2024-08-01,Lifestyle2,23.07692
2024-08-02,Lifestyle2,23.07692
2024-08-04,Lifestyle2,15.38461
2024-08-05,Lifestyle2,38.46153
2024-08-06,Lifestyle2,23.07692
2024-08-07,Lifestyle2,15.38461
2024-08-08,Lifestyle2,7.6923
2024-08-09,Lifestyle2,7.6923
2024-08-10,Lifestyle2,30.76923
2024-08-13,Lifestyle2,7.6923
2024-08-16,Lifestyle2,15.38461
2024-08-18,Lifestyle2,7.6923
2024-08-20,Lifestyle2,7.6923
2024-08-22,Lifestyle2,7.6923
2024-08-23,Lifestyle2,15.38461
2024-08-25,Lifestyle2,46.15384
2024-08-26,Lifestyle2,7.6923
2024-08-27,Lifestyle2,15.38461
2024-08-28,Lifestyle2,15.38461
2024-08-29,Lifestyle2,38.46153
2024-08-30,Lifestyle2,7.6923
2024-09-02,Lifestyle2,30.76923
2024-09-03,Lifestyle2,23.07692
2024-09-05,Lifestyle2,15.38461
2024-09-06,Lifestyle2,7.6923
2024-09-09,Lifestyle2,38.46153
2024-09-10,Lifestyle2,7.6923
2024-09-11,Lifestyle2,53.84615
2024-09-13,Lifestyle2,15.38461
2024-09-15,Lifestyle2,7.6923
2024-09-17,Lifestyle2,7.6923
2024-09-19,Lifestyle2,15.38461
2024-09-21,Lifestyle2,7.6923
2024-09-22,Lifestyle2,7.6923
2024-09-23,Lifestyle2,38.46153
2024-09-24,Lifestyle2,23.07692
2024-09-25,Lifestyle2,30.76923
2024-09-26,Lifestyle2,7.6923
2024-09-29,Lifestyle2,30.76923
2024-09-30,Lifestyle2,15.38461
2024-10-02,Lifestyle2,7.6923
2024-10-04,Lifestyle2,15.38461
2024-10-06,Lifestyle2,7.6923
2024-10-07,Lifestyle2,15.38461
2024-10-08,Lifestyle2,46.15384
2024-10-10,Lifestyle2,7.6923
2024-10-11,Lifestyle2,23.07692
2024-10-12,Lifestyle2,15.38461
2024-10-13,Lifestyle2,15.38461
2024-10-14,Lifestyle2,30.76923
2024-10-15,Lifestyle2,23.07692
2024-10-16,Lifestyle2,38.46153
2024-10-17,Lifestyle2,23.07692
2024-10-18,Lifestyle2,23.07692
2024-10-19,Lifestyle2,7.6923
2024-10-21,Lifestyle2,7.6923
2024-10-22,Lifestyle2,30.76923
2024-10-23,Lifestyle2,38.46153
2024-10-24,Lifestyle2,15.38461
2024-10-25,Lifestyle2,15.38461
2024-10-27,Lifestyle2,15.38461
2024-10-28,Lifestyle2,30.76923
2024-10-29,Lifestyle2,30.76923
2024-10-30,Lifestyle2,15.38461
2024-10-31,Lifestyle2,15.38461
2024-11-01,Lifestyle2,15.38461
2024-11-03,Lifestyle2,15.38461
2024-11-05,Lifestyle2,7.6923
2024-11-06,Lifestyle2,15.38461
2024-11-07,Lifestyle2,61.53846
2024-11-08,Lifestyle2,15.38461
2024-11-09,Lifestyle2,15.38461
2024-11-11,Lifestyle2,30.76923
2024-11-12,Lifestyle2,7.6923
2024-11-13,Lifestyle2,15.38461
2024-11-14,Lifestyle2,15.38461
2024-11-15,Lifestyle2,30.76923
2024-11-16,Lifestyle2,23.07692
2024-11-18,Lifestyle2,38.46153
2024-11-19,Lifestyle2,7.6923
2024-11-20,Lifestyle2,15.38461
2024-11-21,Lifestyle2,38.46153
2024-11-23,Lifestyle2,7.6923
2024-11-25,Lifestyle2,7.6923
2024-11-26,Lifestyle2,23.07692
2024-11-27,Lifestyle2,7.6923
2024-11-29,Lifestyle2,23.07692
2024-11-30,Lifestyle2,7.6923
2024-12-02,Lifestyle2,7.6923
2024-12-03,Lifestyle2,23.07692
2024-12-04,Lifestyle2,7.6923
2024-12-05,Lifestyle2,23.07692
2024-12-06,Lifestyle2,7.6923
2024-12-08,Lifestyle2,53.84615
2024-12-09,Lifestyle2,15.38461
2024-12-10,Lifestyle2,23.07692
2024-12-11,Lifestyle2,15.38461
2024-12-12,Lifestyle2,23.07692
2024-12-13,Lifestyle2,7.6923
2024-12-14,Lifestyle2,15.38461
2024-12-16,Lifestyle2,30.76923
2024-12-17,Lifestyle2,15.38461
2024-12-18,Lifestyle2,7.6923
2024-12-19,Lifestyle2,7.6923
2024-12-20,Lifestyle2,23.07692
2024-12-23,Lifestyle2,15.38461
2024-12-24,Lifestyle2,7.6923
2024-12-27,Lifestyle2,7.6923
2024-12-28,Lifestyle2,15.38461
2024-12-29,Lifestyle2,7.6923
2024-12-30,Lifestyle2,15.38461
2024-12-31,Lifestyle2,23.07692
2025-01-03,Lifestyle2,30.76923
2025-01-04,Lifestyle2,7.6923
2025-01-05,Lifestyle2,7.6923
2025-01-06,Lifestyle2,38.46153
2025-01-07,Lifestyle2,15.38461
2025-01-08,Lifestyle2,23.07692
2025-01-09,Lifestyle2,7.6923
2025-01-10,Lifestyle2,15.38461
2025-01-12,Lifestyle2,15.38461
2025-01-13,Lifestyle2,7.6923
2025-01-14,Lifestyle2,46.15384
2025-01-16,Lifestyle2,23.07692
2025-01-17,Lifestyle2,15.38461
2025-01-18,Lifestyle2,7.6923
2025-01-19,Lifestyle2,7.6923
2025-01-22,Lifestyle2,7.6923
2025-01-23,Lifestyle2,23.07692
2025-01-24,Lifestyle2,7.6923
2025-01-26,Lifestyle2,7.6923
2025-01-30,Lifestyle2,7.6923
2025-02-01,Lifestyle2,7.6923
2025-02-03,Lifestyle2,23.07692
2025-02-04,Lifestyle2,38.46153
2025-02-06,Lifestyle2,15.38461
2025-02-07,Lifestyle2,15.38461
2025-02-08,Lifestyle2,15.38461
2025-02-09,Lifestyle2,7.6923
2025-02-10,Lifestyle2,15.38461
2025-02-12,Lifestyle2,23.07692
2025-02-13,Lifestyle2,15.38461
2025-02-14,Lifestyle2,15.38461
2025-02-17,Lifestyle2,23.07692
2025-02-21,Lifestyle2,15.38461
2025-02-24,Lifestyle2,15.38461
2025-02-25,Lifestyle2,30.76923
2025-02-26,Lifestyle2,7.6923
2025-02-27,Lifestyle2,15.38461
2025-02-28,Lifestyle2,7.6923
2025-03-01,Lifestyle2,7.6923
2025-03-03,Lifestyle2,15.38461
2025-03-04,Lifestyle2,7.6923
2025-03-06,Lifestyle2,7.6923
2025-03-07,Lifestyle2,15.38461
2025-03-10,Lifestyle2,15.38461
2025-03-12,Lifestyle2,15.38461
2025-03-13,Lifestyle2,15.38461
2025-03-16,Lifestyle2,23.07692
2025-03-17,Lifestyle2,38.46153
2025-03-18,Lifestyle2,7.6923
2025-03-19,Lifestyle2,23.07692
2025-03-21,Lifestyle2,15.38461
2025-03-23,Lifestyle2,7.6923
2025-03-24,Lifestyle2,23.07692
2025-03-25,Lifestyle2,23.07692
2025-03-26,Lifestyle2,7.6923
2025-03-28,Lifestyle2,7.6923
2025-03-30,Lifestyle2,15.38461
2025-03-31,Lifestyle2,15.38461
2025-04-01,Lifestyle2,23.07692
2023-04-02,Lifestyle3,15.38461
2023-04-03,Lifestyle3,23.07692
2023-04-04,Lifestyle3,23.07692
2023-04-05,Lifestyle3,30.76923
2023-04-06,Lifestyle3,15.38461
2023-04-07,Lifestyle3,7.6923
2023-04-08,Lifestyle3,23.07692
2023-04-09,Lifestyle3,15.38461
2023-04-10,Lifestyle3,15.38461
2023-04-11,Lifestyle3,15.38461
2023-04-12,Lifestyle3,53.84615
2023-04-13,Lifestyle3,23.07692
2023-04-14,Lifestyle3,15.38461
2023-04-15,Lifestyle3,7.6923
2023-04-16,Lifestyle3,30.76923
2023-04-17,Lifestyle3,7.6923
2023-04-18,Lifestyle3,15.38461
2023-04-19,Lifestyle3,15.38461
2023-04-20,Lifestyle3,15.38461
2023-04-21,Lifestyle3,7.6923
2023-04-24,Lifestyle3,30.76923
2023-04-25,Lifestyle3,23.07692
2023-04-26,Lifestyle3,53.84615
2023-04-27,Lifestyle3,15.38461
2023-04-28,Lifestyle3,15.38461
2023-04-29,Lifestyle3,7.6923
2023-04-30,Lifestyle3,30.76923
2023-05-01,Lifestyle3,15.38461
2023-05-02,Lifestyle3,30.76923
2023-05-03,Lifestyle3,30.76923
2023-05-04,Lifestyle3,7.6923
2023-05-06,Lifestyle3,7.6923
2023-05-07,Lifestyle3,15.38461
2023-05-08,Lifestyle3,7.6923
2023-05-09,Lifestyle3,7.6923
2023-05-10,Lifestyle3,30.76923
2023-05-11,Lifestyle3,15.38461
2023-05-12,Lifestyle3,7.6923
2023-05-14,Lifestyle3,7.6923
2023-05-15,Lifestyle3,92.30769
2023-05-16,Lifestyle3,30.76923
2023-05-17,Lifestyle3,46.15384
2023-05-18,Lifestyle3,15.38461
2023-05-19,Lifestyle3,15.38461
2023-05-20,Lifestyle3,15.38461
2023-05-22,Lifestyle3,30.76923
2023-05-23,Lifestyle3,53.84615
2023-05-24,Lifestyle3,7.6923
2023-05-25,Lifestyle3,30.76923
2023-05-26,Lifestyle3,15.38461
2023-05-28,Lifestyle3,15.38461
2023-05-29,Lifestyle3,7.6923
2023-05-30,Lifestyle3,30.76923
2023-05-31,Lifestyle3,38.46153
2023-06-01,Lifestyle3,38.46153
2023-06-02,Lifestyle3,15.38461
2023-06-03,Lifestyle3,7.6923
2023-06-04,Lifestyle3,53.84615
2023-06-05,Lifestyle3,30.76923
2023-06-06,Lifestyle3,7.6923
2023-06-07,Lifestyle3,53.84615
2023-06-09,Lifestyle3,15.38461
2023-06-10,Lifestyle3,23.07692
2023-06-11,Lifestyle3,15.38461
2023-06-12,Lifestyle3,30.76923
2023-06-13,Lifestyle3,15.38461
2023-06-14,Lifestyle3,23.07692
2023-06-15,Lifestyle3,23.07692
2023-06-16,Lifestyle3,7.6923
2023-06-17,Lifestyle3,7.6923
2023-06-20,Lifestyle3,7.6923
2023-06-21,Lifestyle3,15.38461
2023-06-24,Lifestyle3,7.6923
2023-06-26,Lifestyle3,23.07692
2023-06-27,Lifestyle3,23.07692
2023-06-28,Lifestyle3,7.6923
2023-06-30,Lifestyle3,7.6923
2023-07-02,Lifestyle3,7.6923
2023-07-03,Lifestyle3,7.6923
2023-07-04,Lifestyle3,46.15384
2023-07-05,Lifestyle3,15.38461
2023-07-06,Lifestyle3,30.76923
2023-07-07,Lifestyle3,7.6923
2023-07-10,Lifestyle3,38.46153
2023-07-11,Lifestyle3,15.38461
2023-07-12,Lifestyle3,23.07692
2023-07-14,Lifestyle3,23.07692
2023-07-17,Lifestyle3,7.6923
2023-07-18,Lifestyle3,38.46153
2023-07-20,Lifestyle3,7.6923
2023-07-21,Lifestyle3,15.38461
2023-07-23,Lifestyle3,15.38461
2023-07-24,Lifestyle3,30.76923
2023-07-25,Lifestyle3,15.38461
2023-07-26,Lifestyle3,23.07692
2023-07-27,Lifestyle3,23.07692
2023-07-28,Lifestyle3,53.84615
2023-07-31,Lifestyle3,30.76923
2023-08-01,Lifestyle3,7.6923
2023-08-03,Lifestyle3,30.76923
2023-08-04,Lifestyle3,46.15384
2023-08-06,Lifestyle3,7.6923
2023-08-07,Lifestyle3,30.76923
2023-08-09,Lifestyle3,15.38461
2023-08-10,Lifestyle3,23.07692
2023-08-11,Lifestyle3,7.6923
2023-08-12,Lifestyle3,15.38461
2023-08-13,Lifestyle3,15.38461
2023-08-14,Lifestyle3,30.76923
2023-08-17,Lifestyle3,15.38461
2023-08-18,Lifestyle3,30.76923
2023-08-19,Lifestyle3,15.38461
2023-08-20,Lifestyle3,15.38461
2023-08-21,Lifestyle3,23.07692
2023-08-22,Lifestyle3,38.46153
2023-08-23,Lifestyle3,7.6923
2023-08-24,Lifestyle3,15.38461
2023-08-25,Lifestyle3,15.38461
2023-08-28,Lifestyle3,7.6923
2023-08-29,Lifestyle3,23.07692
2023-08-30,Lifestyle3,7.6923
2023-08-31,Lifestyle3,53.84615
2023-09-01,Lifestyle3,30.76923
2023-09-04,Lifestyle3,15.38461
2023-09-05,Lifestyle3,38.46153
2023-09-06,Lifestyle3,30.76923
2023-09-07,Lifestyle3,30.76923
2023-09-08,Lifestyle3,46.15384
2023-09-10,Lifestyle3,23.07692
2023-09-11,Lifestyle3,15.38461
2023-09-13,Lifestyle3,23.07692
2023-09-14,Lifestyle3,15.38461
2023-09-15,Lifestyle3,15.38461
2023-09-17,Lifestyle3,7.6923
2023-09-18,Lifestyle3,23.07692
2023-09-19,Lifestyle3,23.07692
2023-09-20,Lifestyle3,30.76923
2023-09-21,Lifestyle3,7.6923
2023-09-22,Lifestyle3,23.07692
2023-09-24,Lifestyle3,7.6923
2023-09-25,Lifestyle3,38.46153
2023-09-26,Lifestyle3,38.46153
2023-09-27,Lifestyle3,30.76923
2023-10-01,Lifestyle3,7.6923
2023-10-02,Lifestyle3,7.6923
2023-10-04,Lifestyle3,23.07692
2023-10-05,Lifestyle3,38.46153
2023-10-06,Lifestyle3,15.38461
2023-10-08,Lifestyle3,7.6923
2023-10-09,Lifestyle3,23.07692
2023-10-10,Lifestyle3,15.38461
2023-10-11,Lifestyle3,15.38461
2023-10-12,Lifestyle3,15.38461
2023-10-13,Lifestyle3,23.07692
2023-10-15,Lifestyle3,15.38461
2023-10-16,Lifestyle3,38.46153
2023-10-17,Lifestyle3,7.6923
2023-10-18,Lifestyle3,23.07692
2023-10-19,Lifestyle3,30.76923
2023-10-20,Lifestyle3,15.38461
2023-10-23,Lifestyle3,46.15384
2023-10-25,Lifestyle3,30.76923
2023-10-26,Lifestyle3,7.6923
2023-10-27,Lifestyle3,7.6923
2023-10-29,Lifestyle3,7.6923
2023-10-31,Lifestyle3,15.38461
2023-11-01,Lifestyle3,15.38461
2023-11-02,Lifestyle3,30.76923
2023-11-03,Lifestyle3,30.76923
2023-11-06,Lifestyle3,30.76923
2023-11-07,Lifestyle3,38.46153
2023-11-08,Lifestyle3,15.38461
2023-11-12,Lifestyle3,15.38461
2023-11-13,Lifestyle3,30.76923
2023-11-14,Lifestyle3,46.15384
2023-11-15,Lifestyle3,23.07692
2023-11-18,Lifestyle3,15.38461
2023-11-19,Lifestyle3,23.07692
2023-11-21,Lifestyle3,15.38461
2023-11-23,Lifestyle3,38.46153
2023-11-24,Lifestyle3,23.07692
2023-11-26,Lifestyle3,7.6923
2023-11-27,Lifestyle3,30.76923
2023-11-29,Lifestyle3,15.38461
2023-11-30,Lifestyle3,7.6923
2023-12-01,Lifestyle3,15.38461
2023-12-03,Lifestyle3,15.38461
2023-12-04,Lifestyle3,15.38461
2023-12-06,Lifestyle3,15.38461
2023-12-07,Lifestyle3,15.38461
2023-12-08,Lifestyle3,15.38461
2023-12-10,Lifestyle3,15.38461
2023-12-11,Lifestyle3,30.76923
2023-12-12,Lifestyle3,38.46153
2023-12-13,Lifestyle3,7.6923
2023-12-14,Lifestyle3,7.6923
2023-12-15,Lifestyle3,30.76923
2023-12-17,Lifestyle3,7.6923
2023-12-18,Lifestyle3,38.46153
2023-12-19,Lifestyle3,30.76923
2023-12-20,Lifestyle3,38.46153
2023-12-23,Lifestyle3,7.6923
2023-12-25,Lifestyle3,23.07692
2023-12-26,Lifestyle3,38.46153
2023-12-28,Lifestyle3,38.46153
2023-12-29,Lifestyle3,7.6923
2024-01-02,Lifestyle3,23.07692
2024-01-03,Lifestyle3,7.6923
2024-01-04,Lifestyle3,7.6923
2024-01-06,Lifestyle3,7.6923
2024-01-07,Lifestyle3,7.6923
2024-01-08,Lifestyle3,7.6923
2024-01-09,Lifestyle3,15.38461
2024-01-10,Lifestyle3,7.6923
2024-01-11,Lifestyle3,23.07692
2024-01-12,Lifestyle3,23.07692
2024-01-13,Lifestyle3,7.6923
2024-01-14,Lifestyle3,15.38461
2024-01-15,Lifestyle3,30.76923
2024-01-16,Lifestyle3,30.76923
2024-01-17,Lifestyle3,30.76923
2024-01-18,Lifestyle3,30.76923
2024-01-19,Lifestyle3,15.38461
2024-01-20,Lifestyle3,7.6923
2024-01-21,Lifestyle3,7.6923
2024-01-22,Lifestyle3,15.38461
2024-01-23,Lifestyle3,30.76923
2024-01-24,Lifestyle3,15.38461
2024-01-25,Lifestyle3,7.6923
2024-01-26,Lifestyle3,7.6923
2024-01-27,Lifestyle3,7.6923
2024-01-28,Lifestyle3,7.6923
2024-01-30,Lifestyle3,7.6923
2024-01-31,Lifestyle3,15.38461
2024-02-01,Lifestyle3,7.6923
2024-02-02,Lifestyle3,53.84615
2024-02-05,Lifestyle3,23.07692
2024-02-06,Lifestyle3,15.38461
2024-02-07,Lifestyle3,7.6923
2024-02-11,Lifestyle3,30.76923
2024-02-13,Lifestyle3,7.6923
2024-02-14,Lifestyle3,30.76923
2024-02-15,Lifestyle3,7.6923
2024-02-16,Lifestyle3,46.15384
2024-02-17,Lifestyle3,15.38461
2024-02-19,Lifestyle3,23.07692
2024-02-20,Lifestyle3,15.38461
2024-02-21,Lifestyle3,23.07692
2024-02-22,Lifestyle3,23.07692
2024-02-23,Lifestyle3,7.6923
2024-02-28,Lifestyle3,23.07692
2024-02-29,Lifestyle3,7.6923
2024-03-02,Lifestyle3,23.07692
2024-03-05,Lifestyle3,7.6923
2024-03-06,Lifestyle3,7.6923
2024-03-07,Lifestyle3,61.53846
2024-03-08,Lifestyle3,15.38461
2024-03-11,Lifestyle3,30.76923
2024-03-12,Lifestyle3,7.6923
2024-03-13,Lifestyle3,7.6923
2024-03-14,Lifestyle3,7.6923
2024-03-15,Lifestyle3,7.6923
2024-03-16,Lifestyle3,7.6923
2024-03-17,Lifestyle3,7.6923
2024-03-18,Lifestyle3,23.07692
2024-03-19,Lifestyle3,69.23076
2024-03-21,Lifestyle3,69.23076
2024-03-22,Lifestyle3,23.07692
2024-03-23,Lifestyle3,7.6923
2024-03-26,Lifestyle3,15.38461
2024-03-28,Lifestyle3,30.76923
2024-03-29,Lifestyle3,23.07692
2024-03-30,Lifestyle3,23.07692
2024-04-01,Lifestyle3,53.84615
2024-04-03,Lifestyle3,38.46153
2024-04-04,Lifestyle3,53.84615
2024-04-05,Lifestyle3,23.07692
2024-04-06,Lifestyle3,30.76923
2024-04-09,Lifestyle3,23.07692
2024-04-10,Lifestyle3,7.6923
2024-04-11,Lifestyle3,7.6923
2024-04-12,Lifestyle3,30.76923
2024-04-14,Lifestyle3,15.38461
2024-04-15,Lifestyle3,23.07692
2024-04-16,Lifestyle3,7.6923
2024-04-17,Lifestyle3,15.38461
2024-04-18,Lifestyle3,46.15384
2024-04-19,Lifestyle3,38.46153
2024-04-20,Lifestyle3,15.38461
2024-04-22,Lifestyle3,7.6923
2024-04-23,Lifestyle3,15.38461
2024-04-24,Lifestyle3,46.15384
2024-04-25,Lifestyle3,38.46153
2024-04-26,Lifestyle3,15.38461
2024-04-28,Lifestyle3,23.07692
2024-04-29,Lifestyle3,15.38461
2024-04-30,Lifestyle3,7.6923
2024-05-01,Lifestyle3,7.6923
2024-05-02,Lifestyle3,7.6923
2024-05-03,Lifestyle3,46.15384
2024-05-04,Lifestyle3,15.38461
2024-05-06,Lifestyle3,7.6923
2024-05-07,Lifestyle3,7.6923
2024-05-08,Lifestyle3,46.15384
2024-05-09,Lifestyle3,23.07692
2024-05-10,Lifestyle3,7.6923
2024-05-12,Lifestyle3,7.6923
2024-05-13,Lifestyle3,7.6923
2024-05-14,Lifestyle3,69.23076
2024-05-16,Lifestyle3,23.07692
2024-05-17,Lifestyle3,7.6923
2024-05-18,Lifestyle3,7.6923
2024-05-19,Lifestyle3,7.6923
2024-05-21,Lifestyle3,7.6923
2024-05-22,Lifestyle3,46.15384
2024-05-23,Lifestyle3,7.6923
2024-05-24,Lifestyle3,15.38461
2024-05-26,Lifestyle3,15.38461
2024-05-27,Lifestyle3,15.38461
2024-05-28,Lifestyle3,23.07692
2024-05-29,Lifestyle3,38.46153
2024-05-30,Lifestyle3,23.07692
2024-05-31,Lifestyle3,7.6923
2024-06-03,Lifestyle3,15.38461
2024-06-04,Lifestyle3,23.07692
2024-06-05,Lifestyle3,38.46153
2024-06-06,Lifestyle3,7.6923
2024-06-07,Lifestyle3,7.6923
2024-06-08,Lifestyle3,15.38461
2024-06-10,Lifestyle3,15.38461
2024-06-11,Lifestyle3,7.6923
2024-06-12,Lifestyle3,38.46153
2024-06-13,Lifestyle3,23.07692
2024-06-14,Lifestyle3,30.76923
2024-06-15,Lifestyle3,7.6923
2024-06-17,Lifestyle3,38.46153
2024-06-19,Lifestyle3,46.15384
2024-06-20,Lifestyle3,23.07692
2024-06-21,Lifestyle3,30.76923
2024-06-24,Lifestyle3,23.07692
2024-06-26,Lifestyle3,15.38461
2024-06-27,Lifestyle3,7.6923
2024-06-30,Lifestyle3,7.6923
2024-07-01,Lifestyle3,30.76923
2024-07-02,Lifestyle3,7.6923
2024-07-03,Lifestyle3,15.38461
2024-07-04,Lifestyle3,7.6923
2024-07-05,Lifestyle3,15.38461
2024-07-06,Lifestyle3,7.6923
2024-07-09,Lifestyle3,38.46153
2024-07-10,Lifestyle3,7.6923
2024-07-11,Lifestyle3,23.07692
2024-07-12,Lifestyle3,15.38461
2024-07-13,Lifestyle3,15.38461
2024-07-15,Lifestyle3,15.38461
2024-07-19,Lifestyle3,30.76923
2024-07-21,Lifestyle3,7.6923
2024-07-23,Lifestyle3,15.38461
2024-07-24,Lifestyle3,15.38461
2024-07-26,Lifestyle3,15.38461
2024-07-29,Lifestyle3,7.6923
2024-07-30,Lifestyle3,23.07692
2024-07-31,Lifestyle3,15.38461
2024-08-01,Lifestyle3,15.38461
2024-08-02,Lifestyle3,7.6923
2024-08-05,Lifestyle3,15.38461
2024-08-06,Lifestyle3,15.38461
2024-08-07,Lifestyle3,30.76923
2024-08-08,Lifestyle3,23.07692
2024-08-09,Lifestyle3,15.38461
2024-08-12,Lifestyle3,15.38461
2024-08-13,Lifestyle3,30.76923
2024-08-14,Lifestyle3,23.07692
2024-08-16,Lifestyle3,23.07692
2024-08-17,Lifestyle3,7.6923
2024-08-19,Lifestyle3,23.07692
2024-08-20,Lifestyle3,7.6923
2024-08-21,Lifestyle3,23.07692
2024-08-22,Lifestyle3,30.76923
2024-08-28,Lifestyle3,7.6923
2024-08-29,Lifestyle3,30.76923
2024-08-30,Lifestyle3,23.07692
2024-09-02,Lifestyle3,15.38461
2024-09-03,Lifestyle3,7.6923
2024-09-04,Lifestyle3,7.6923
2024-09-06,Lifestyle3,15.38461
2024-09-07,Lifestyle3,15.38461
2024-09-08,Lifestyle3,30.76923
2024-09-09,Lifestyle3,23.07692
2024-09-10,Lifestyle3,23.07692
2024-09-11,Lifestyle3,30.76923
2024-09-12,Lifestyle3,46.15384
2024-09-13,Lifestyle3,15.38461
2024-09-19,Lifestyle3,7.6923
2024-09-20,Lifestyle3,23.07692
2024-09-22,Lifestyle3,7.6923
2024-09-23,Lifestyle3,7.6923
2024-09-24,Lifestyle3,30.76923
2024-09-25,Lifestyle3,7.6923
2024-09-26,Lifestyle3,7.6923
2024-09-27,Lifestyle3,23.07692
2024-09-28,Lifestyle3,38.46153
2024-09-29,Lifestyle3,23.07692
2024-09-30,Lifestyle3,15.38461
2024-10-01,Lifestyle3,15.38461
2024-10-03,Lifestyle3,30.76923
2024-10-04,Lifestyle3,15.38461
2024-10-07,Lifestyle3,23.07692
2024-10-08,Lifestyle3,15.38461
2024-10-09,Lifestyle3,7.6923
2024-10-10,Lifestyle3,23.07692
2024-10-11,Lifestyle3,30.76923
2024-10-14,Lifestyle3,46.15384
2024-10-15,Lifestyle3,30.76923
2024-10-16,Lifestyle3,15.38461
2024-10-17,Lifestyle3,23.07692
2024-10-18,Lifestyle3,15.38461
2024-10-19,Lifestyle3,15.38461
2024-10-21,Lifestyle3,30.76923
2024-10-22,Lifestyle3,15.38461
2024-10-23,Lifestyle3,23.07692
2024-10-24,Lifestyle3,30.76923
2024-10-27,Lifestyle3,15.38461
2024-10-28,Lifestyle3,7.6923
2024-10-30,Lifestyle3,7.6923
2024-10-31,Lifestyle3,61.53846
2024-11-01,Lifestyle3,7.6923
2024-11-04,Lifestyle3,7.6923
2024-11-05,Lifestyle3,7.6923
2024-11-06,Lifestyle3,15.38461
2024-11-07,Lifestyle3,15.38461
2024-11-11,Lifestyle3,38.46153
2024-11-12,Lifestyle3,7.6923
2024-11-13,Lifestyle3,15.38461
2024-11-14,Lifestyle3,7.6923
2024-11-15,Lifestyle3,23.07692
2024-11-17,Lifestyle3,23.07692
2024-11-19,Lifestyle3,23.07692
2024-11-20,Lifestyle3,15.38461
2024-11-21,Lifestyle3,61.53846
2024-11-24,Lifestyle3,7.6923
2024-11-25,Lifestyle3,15.38461
2024-11-26,Lifestyle3,15.38461
2024-11-27,Lifestyle3,38.46153
2024-12-01,Lifestyle3,15.38461
2024-12-02,Lifestyle3,38.46153
2024-12-03,Lifestyle3,7.6923
2024-12-04,Lifestyle3,53.84615
2024-12-05,Lifestyle3,15.38461
2024-12-06,Lifestyle3,7.6923
2024-12-09,Lifestyle3,23.07692
2024-12-10,Lifestyle3,15.38461
2024-12-11,Lifestyle3,23.07692
2024-12-12,Lifestyle3,15.38461
2024-12-13,Lifestyle3,7.6923
2024-12-16,Lifestyle3,7.6923
2024-12-17,Lifestyle3,46.15384
2024-12-19,Lifestyle3,23.07692
2024-12-23,Lifestyle3,7.6923
2024-12-24,Lifestyle3,15.38461
2024-12-26,Lifestyle3,7.6923
2024-12-30,Lifestyle3,7.6923
2025-01-02,Lifestyle3,7.6923
2025-01-03,Lifestyle3,23.07692
2025-01-04,Lifestyle3,7.6923
2025-01-06,Lifestyle3,7.6923
2025-01-07,Lifestyle3,30.76923
2025-01-08,Lifestyle3,7.6923
2025-01-09,Lifestyle3,7.6923
2025-01-12,Lifestyle3,23.07692
2025-01-13,Lifestyle3,30.76923
2025-01-14,Lifestyle3,7.6923
2025-01-15,Lifestyle3,7.6923
2025-01-16,Lifestyle3,7.6923
2025-01-17,Lifestyle3,30.76923
2025-01-18,Lifestyle3,15.38461
2025-01-19,Lifestyle3,7.6923
2025-01-20,Lifestyle3,30.76923
2025-01-21,Lifestyle3,7.6923
2025-01-23,Lifestyle3,7.6923
2025-01-31,Lifestyle3,30.76923
2025-02-02,Lifestyle3,7.6923
2025-02-03,Lifestyle3,30.76923
2025-02-04,Lifestyle3,7.6923
2025-02-05,Lifestyle3,15.38461
2025-02-06,Lifestyle3,15.38461
2025-02-07,Lifestyle3,23.07692
2025-02-09,Lifestyle3,15.38461
2025-02-10,Lifestyle3,7.6923
2025-02-11,Lifestyle3,15.38461
2025-02-13,Lifestyle3,7.6923
2025-02-14,Lifestyle3,15.38461
2025-02-17,Lifestyle3,7.6923
2025-02-18,Lifestyle3,15.38461
2025-02-19,Lifestyle3,7.6923
2025-02-20,Lifestyle3,7.6923
2025-02-21,Lifestyle3,7.6923
2025-02-23,Lifestyle3,7.6923
2025-02-24,Lifestyle3,15.38461
2025-02-25,Lifestyle3,23.07692
2025-02-26,Lifestyle3,38.46153
2025-02-27,Lifestyle3,7.6923
2025-02-28,Lifestyle3,15.38461
2025-03-02,Lifestyle3,7.6923
2025-03-03,Lifestyle3,23.07692
2025-03-04,Lifestyle3,7.6923
2025-03-05,Lifestyle3,7.6923
2025-03-06,Lifestyle3,7.6923
2025-03-08,Lifestyle3,23.07692
2025-03-09,Lifestyle3,7.6923
2025-03-10,Lifestyle3,15.38461
2025-03-11,Lifestyle3,7.6923
2025-03-12,Lifestyle3,38.46153
2025-03-13,Lifestyle3,7.6923
2025-03-15,Lifestyle3,7.6923
2025-03-16,Lifestyle3,7.6923
2025-03-17,Lifestyle3,15.38461
2025-03-19,Lifestyle3,23.07692
2025-03-20,Lifestyle3,7.6923
2025-03-21,Lifestyle3,15.38461
2025-03-23,Lifestyle3,7.6923
2025-03-24,Lifestyle3,23.07692
2025-03-26,Lifestyle3,15.38461
2025-03-28,Lifestyle3,7.6923
2025-03-31,Lifestyle3,7.6923
2025-04-01,Lifestyle3,30.76923
2023-04-03,Lifestyle4,7.6923
2023-04-04,Lifestyle4,7.6923
2023-04-09,Lifestyle4,7.6923
2023-04-10,Lifestyle4,15.38461
2023-04-11,Lifestyle4,7.6923
2023-04-12,Lifestyle4,7.6923
2023-04-14,Lifestyle4,7.6923
2023-04-17,Lifestyle4,23.07692
2023-04-20,Lifestyle4,7.6923
2023-04-22,Lifestyle4,23.07692
2023-04-23,Lifestyle4,15.38461
2023-04-25,Lifestyle4,7.6923
2023-04-26,Lifestyle4,7.6923
2023-04-27,Lifestyle4,7.6923
2023-05-02,Lifestyle4,7.6923
2023-05-03,Lifestyle4,7.6923
2023-05-04,Lifestyle4,38.46153
2023-05-08,Lifestyle4,7.6923
2023-05-11,Lifestyle4,7.6923
2023-05-12,Lifestyle4,7.6923
2023-05-15,Lifestyle4,23.07692
2023-05-16,Lifestyle4,23.07692
2023-05-18,Lifestyle4,15.38461
2023-05-19,Lifestyle4,7.6923
2023-05-21,Lifestyle4,7.6923
2023-05-22,Lifestyle4,7.6923
2023-05-24,Lifestyle4,7.6923
2023-05-25,Lifestyle4,23.07692
2023-05-30,Lifestyle4,53.84615
2023-05-31,Lifestyle4,23.07692
2023-06-02,Lifestyle4,15.38461
2023-06-04,Lifestyle4,30.76923
2023-06-05,Lifestyle4,7.6923
2023-06-06,Lifestyle4,7.6923
2023-06-10,Lifestyle4,15.38461
2023-06-12,Lifestyle4,7.6923
2023-06-13,Lifestyle4,38.46153
2023-06-15,Lifestyle4,7.6923
2023-06-17,Lifestyle4,23.07692
2023-06-18,Lifestyle4,7.6923
2023-06-19,Lifestyle4,23.07692
2023-06-26,Lifestyle4,7.6923
2023-06-28,Lifestyle4,7.6923
2023-06-29,Lifestyle4,7.6923
2023-07-09,Lifestyle4,15.38461
2023-07-10,Lifestyle4,7.6923
2023-07-12,Lifestyle4,30.76923
2023-07-14,Lifestyle4,7.6923
2023-07-18,Lifestyle4,7.6923
2023-07-20,Lifestyle4,15.38461
2023-07-21,Lifestyle4,7.6923
2023-07-27,Lifestyle4,7.6923
2023-07-28,Lifestyle4,7.6923
2023-08-01,Lifestyle4,7.6923
2023-08-18,Lifestyle4,7.6923
2023-08-23,Lifestyle4,7.6923
2023-08-25,Lifestyle4,7.6923
2023-08-29,Lifestyle4,7.6923
2023-08-30,Lifestyle4,7.6923
2023-09-04,Lifestyle4,15.38461
2023-09-05,Lifestyle4,23.07692
2023-09-06,Lifestyle4,7.6923
2023-09-07,Lifestyle4,7.6923
2023-09-08,Lifestyle4,7.6923
2023-09-13,Lifestyle4,7.6923
2023-09-15,Lifestyle4,7.6923
2023-09-18,Lifestyle4,15.38461
2023-09-19,Lifestyle4,15.38461
2023-09-21,Lifestyle4,15.38461
2023-09-23,Lifestyle4,15.38461
2023-09-25,Lifestyle4,7.6923
2023-10-05,Lifestyle4,15.38461
2023-10-09,Lifestyle4,23.07692
2023-10-19,Lifestyle4,15.38461
2023-10-21,Lifestyle4,23.07692
2023-10-24,Lifestyle4,7.6923
2023-10-25,Lifestyle4,15.38461
2023-10-26,Lifestyle4,15.38461
2023-10-30,Lifestyle4,7.6923
2023-11-01,Lifestyle4,15.38461
2023-11-03,Lifestyle4,7.6923
2023-11-06,Lifestyle4,15.38461
2023-11-09,Lifestyle4,15.38461
2023-11-15,Lifestyle4,15.38461
2023-11-21,Lifestyle4,23.07692
2023-11-26,Lifestyle4,15.38461
2023-11-28,Lifestyle4,15.38461
2023-11-29,Lifestyle4,15.38461
2023-12-07,Lifestyle4,15.38461
2023-12-12,Lifestyle4,15.38461
2023-12-13,Lifestyle4,7.6923
2023-12-15,Lifestyle4,7.6923
2023-12-21,Lifestyle4,15.38461
2023-12-28,Lifestyle4,23.07692
2024-01-02,Lifestyle4,7.6923
2024-01-10,Lifestyle4,23.07692
2024-01-19,Lifestyle4,7.6923
2024-02-02,Lifestyle4,7.6923
2024-02-06,Lifestyle4,15.38461
2024-02-13,Lifestyle4,23.07692
2024-02-27,Lifestyle4,7.6923
2024-03-05,Lifestyle4,7.6923
2024-03-12,Lifestyle4,15.38461
2024-03-13,Lifestyle4,23.07692
2024-03-18,Lifestyle4,7.6923
2024-03-19,Lifestyle4,7.6923
2024-03-22,Lifestyle4,15.38461
2024-03-27,Lifestyle4,7.6923
2024-04-03,Lifestyle4,15.38461
2024-04-04,Lifestyle4,23.07692
2024-04-08,Lifestyle4,15.38461
2024-04-11,Lifestyle4,7.6923
2024-04-12,Lifestyle4,7.6923
2024-04-13,Lifestyle4,7.6923
2024-04-15,Lifestyle4,7.6923
2024-04-16,Lifestyle4,15.38461
2024-05-02,Lifestyle4,7.6923
2024-05-07,Lifestyle4,30.76923
2024-05-08,Lifestyle4,7.6923
2024-05-13,Lifestyle4,7.6923
2024-05-17,Lifestyle4,15.38461
2024-05-28,Lifestyle4,23.07692
2024-06-01,Lifestyle4,7.6923
2024-06-02,Lifestyle4,15.38461
2024-06-04,Lifestyle4,7.6923
2024-06-10,Lifestyle4,15.38461
2024-06-14,Lifestyle4,7.6923
2024-06-20,Lifestyle4,15.38461
2024-06-26,Lifestyle4,7.6923
2024-07-04,Lifestyle4,23.07692
2024-07-09,Lifestyle4,7.6923
2024-07-15,Lifestyle4,15.38461
2024-07-16,Lifestyle4,7.6923
2024-07-31,Lifestyle4,7.6923
2024-08-21,Lifestyle4,7.6923
2024-08-28,Lifestyle4,7.6923
2024-09-08,Lifestyle4,23.07692
2024-09-10,Lifestyle4,15.38461
2024-09-17,Lifestyle4,7.6923
2024-09-19,Lifestyle4,23.07692
2024-09-20,Lifestyle4,15.38461
2024-09-23,Lifestyle4,23.07692
2024-09-24,Lifestyle4,15.38461
2024-10-10,Lifestyle4,7.6923
2024-10-11,Lifestyle4,7.6923
2024-10-13,Lifestyle4,7.6923
2024-10-17,Lifestyle4,15.38461
2024-10-20,Lifestyle4,15.38461
2024-10-21,Lifestyle4,23.07692
2024-10-22,Lifestyle4,7.6923
2024-10-27,Lifestyle4,30.76923
2024-10-28,Lifestyle4,15.38461
2024-10-30,Lifestyle4,7.6923
2024-10-31,Lifestyle4,15.38461
2024-11-01,Lifestyle4,7.6923
2024-11-04,Lifestyle4,7.6923
2024-11-06,Lifestyle4,7.6923
2024-11-08,Lifestyle4,15.38461
2024-11-12,Lifestyle4,15.38461
2024-11-14,Lifestyle4,7.6923
2024-11-19,Lifestyle4,7.6923
2024-11-22,Lifestyle4,7.6923
2024-12-03,Lifestyle4,15.38461
2024-12-09,Lifestyle4,7.6923
2024-12-10,Lifestyle4,15.38461
2024-12-18,Lifestyle4,7.6923
2024-12-27,Lifestyle4,7.6923
2024-12-30,Lifestyle4,7.6923
2025-01-03,Lifestyle4,15.38461
2025-01-07,Lifestyle4,23.07692
2025-01-08,Lifestyle4,30.76923
2025-01-10,Lifestyle4,7.6923
2025-01-13,Lifestyle4,7.6923
2025-01-16,Lifestyle4,7.6923
2025-01-17,Lifestyle4,7.6923
2025-01-23,Lifestyle4,7.6923
2025-02-04,Lifestyle4,15.38461
2025-02-05,Lifestyle4,7.6923
2025-02-17,Lifestyle4,23.07692
2025-02-20,Lifestyle4,7.6923
2025-02-25,Lifestyle4,15.38461
2025-03-04,Lifestyle4,7.6923
2025-03-10,Lifestyle4,15.38461
2025-03-13,Lifestyle4,7.6923
2025-03-14,Lifestyle4,15.38461
2025-03-16,Lifestyle4,7.6923
2025-03-17,Lifestyle4,15.38461
2025-03-18,Lifestyle4,30.76923
2025-03-20,Lifestyle4,7.6923
2025-03-31,Lifestyle4,15.38461
2025-04-01,Lifestyle4,23.07692
2023-04-01,Lifestyle5,30.76923
2023-04-02,Lifestyle5,15.38461
2023-04-03,Lifestyle5,30.76923
2023-04-04,Lifestyle5,38.46153
2023-04-06,Lifestyle5,23.07692
2023-04-07,Lifestyle5,15.38461
2023-04-10,Lifestyle5,23.07692
2023-04-12,Lifestyle5,15.38461
2023-04-13,Lifestyle5,30.76923
2023-04-14,Lifestyle5,7.6923
2023-04-15,Lifestyle5,7.6923
2023-04-16,Lifestyle5,7.6923
2023-04-17,Lifestyle5,15.38461
2023-04-18,Lifestyle5,15.38461
2023-04-19,Lifestyle5,53.84615
2023-04-20,Lifestyle5,7.6923
2023-04-21,Lifestyle5,7.6923
2023-04-22,Lifestyle5,15.38461
2023-04-25,Lifestyle5,15.38461
2023-04-26,Lifestyle5,53.84615
2023-04-27,Lifestyle5,38.46153
2023-04-28,Lifestyle5,7.6923
2023-04-29,Lifestyle5,15.38461
2023-05-01,Lifestyle5,15.38461
2023-05-02,Lifestyle5,7.6923
2023-05-03,Lifestyle5,7.6923
2023-05-06,Lifestyle5,15.38461
2023-05-07,Lifestyle5,15.38461
2023-05-08,Lifestyle5,23.07692
2023-05-09,Lifestyle5,7.6923
2023-05-11,Lifestyle5,15.38461
2023-05-12,Lifestyle5,23.07692
2023-05-14,Lifestyle5,23.07692
2023-05-16,Lifestyle5,30.76923
2023-05-17,Lifestyle5,30.76923
2023-05-18,Lifestyle5,15.38461
2023-05-19,Lifestyle5,7.6923
2023-05-22,Lifestyle5,15.38461
2023-05-23,Lifestyle5,23.07692
2023-05-24,Lifestyle5,15.38461
2023-05-25,Lifestyle5,7.6923
2023-05-26,Lifestyle5,7.6923
2023-05-27,Lifestyle5,7.6923
2023-06-01,Lifestyle5,15.38461
2023-06-02,Lifestyle5,15.38461
2023-06-04,Lifestyle5,38.46153
2023-06-05,Lifestyle5,7.6923
2023-06-06,Lifestyle5,7.6923
2023-06-07,Lifestyle5,30.76923
2023-06-08,Lifestyle5,38.46153
2023-06-09,Lifestyle5,15.38461
2023-06-11,Lifestyle5,7.6923
2023-06-12,Lifestyle5,15.38461
2023-06-14,Lifestyle5,38.46153
2023-06-15,Lifestyle5,23.07692
2023-06-16,Lifestyle5,23.07692
2023-06-17,Lifestyle5,7.6923
2023-06-18,Lifestyle5,7.6923
2023-06-19,Lifestyle5,23.07692
2023-06-20,Lifestyle5,23.07692
2023-06-22,Lifestyle5,7.6923
2023-06-23,Lifestyle5,30.76923
2023-06-26,Lifestyle5,23.07692
2023-06-27,Lifestyle5,23.07692
2023-06-29,Lifestyle5,7.6923
2023-07-01,Lifestyle5,7.6923
2023-07-03,Lifestyle5,7.6923
2023-07-04,Lifestyle5,23.07692
2023-07-05,Lifestyle5,23.07692
2023-07-10,Lifestyle5,15.38461
2023-07-12,Lifestyle5,7.6923
2023-07-13,Lifestyle5,7.6923
2023-07-14,Lifestyle5,7.6923
2023-07-16,Lifestyle5,7.6923
2023-07-17,Lifestyle5,23.07692
2023-07-21,Lifestyle5,15.38461
2023-07-23,Lifestyle5,7.6923
2023-07-24,Lifestyle5,38.46153
2023-07-25,Lifestyle5,7.6923
2023-07-26,Lifestyle5,15.38461
2023-07-27,Lifestyle5,23.07692
2023-07-28,Lifestyle5,7.6923
2023-07-29,Lifestyle5,7.6923
2023-07-31,Lifestyle5,7.6923
2023-08-01,Lifestyle5,7.6923
2023-08-02,Lifestyle5,15.38461
2023-08-03,Lifestyle5,15.38461
2023-08-09,Lifestyle5,7.6923
2023-08-10,Lifestyle5,15.38461
2023-08-13,Lifestyle5,15.38461
2023-08-14,Lifestyle5,23.07692
2023-08-16,Lifestyle5,30.76923
2023-08-18,Lifestyle5,7.6923
2023-08-20,Lifestyle5,7.6923
2023-08-21,Lifestyle5,7.6923
2023-08-22,Lifestyle5,15.38461
2023-08-24,Lifestyle5,30.76923
2023-08-25,Lifestyle5,15.38461
2023-08-27,Lifestyle5,7.6923
2023-08-28,Lifestyle5,7.6923
2023-08-29,Lifestyle5,15.38461
2023-08-30,Lifestyle5,15.38461
2023-08-31,Lifestyle5,15.38461
2023-09-01,Lifestyle5,38.46153
2023-09-02,Lifestyle5,23.07692
2023-09-03,Lifestyle5,15.38461
2023-09-04,Lifestyle5,7.6923
2023-09-05,Lifestyle5,7.6923
2023-09-06,Lifestyle5,30.76923
2023-09-07,Lifestyle5,30.76923
2023-09-08,Lifestyle5,7.6923
2023-09-09,Lifestyle5,15.38461
2023-09-10,Lifestyle5,15.38461
2023-09-11,Lifestyle5,7.6923
2023-09-12,Lifestyle5,15.38461
2023-09-13,Lifestyle5,15.38461
2023-09-14,Lifestyle5,7.6923
2023-09-15,Lifestyle5,38.46153
2023-09-16,Lifestyle5,7.6923
2023-09-17,Lifestyle5,46.15384
2023-09-18,Lifestyle5,7.6923
2023-09-19,Lifestyle5,38.46153
2023-09-20,Lifestyle5,15.38461
2023-09-21,Lifestyle5,53.84615
2023-09-24,Lifestyle5,7.6923
2023-09-25,Lifestyle5,23.07692
2023-09-26,Lifestyle5,7.6923
2023-09-27,Lifestyle5,7.6923
2023-10-01,Lifestyle5,15.38461
2023-10-04,Lifestyle5,15.38461
2023-10-05,Lifestyle5,15.38461
2023-10-06,Lifestyle5,69.23076
2023-10-08,Lifestyle5,7.6923
2023-10-09,Lifestyle5,7.6923
2023-10-10,Lifestyle5,23.07692
2023-10-11,Lifestyle5,15.38461
2023-10-13,Lifestyle5,7.6923
2023-10-15,Lifestyle5,7.6923
2023-10-16,Lifestyle5,23.07692
2023-10-17,Lifestyle5,23.07692
2023-10-18,Lifestyle5,7.6923
2023-10-19,Lifestyle5,15.38461
2023-10-20,Lifestyle5,30.76923
2023-10-21,Lifestyle5,23.07692
2023-10-22,Lifestyle5,46.15384
2023-10-23,Lifestyle5,46.15384
2023-10-24,Lifestyle5,15.38461
2023-10-25,Lifestyle5,23.07692
2023-10-26,Lifestyle5,15.38461
2023-10-27,Lifestyle5,7.6923
2023-10-29,Lifestyle5,23.07692
2023-10-30,Lifestyle5,15.38461
2023-11-01,Lifestyle5,23.07692
2023-11-02,Lifestyle5,23.07692
2023-11-03,Lifestyle5,15.38461
2023-11-07,Lifestyle5,30.76923
2023-11-08,Lifestyle5,7.6923
2023-11-09,Lifestyle5,7.6923
2023-11-13,Lifestyle5,15.38461
2023-11-14,Lifestyle5,30.76923
2023-11-15,Lifestyle5,30.76923
2023-11-16,Lifestyle5,30.76923
2023-11-17,Lifestyle5,7.6923
2023-11-20,Lifestyle5,15.38461
2023-11-21,Lifestyle5,15.38461
2023-11-22,Lifestyle5,7.6923
2023-11-23,Lifestyle5,7.6923
2023-11-27,Lifestyle5,7.6923
2023-11-28,Lifestyle5,15.38461
2023-11-29,Lifestyle5,15.38461
2023-11-30,Lifestyle5,7.6923
2023-12-04,Lifestyle5,38.46153
2023-12-05,Lifestyle5,38.46153
2023-12-06,Lifestyle5,15.38461
2023-12-07,Lifestyle5,7.6923
2023-12-10,Lifestyle5,23.07692
2023-12-11,Lifestyle5,7.6923
2023-12-12,Lifestyle5,23.07692
2023-12-14,Lifestyle5,38.46153
2023-12-15,Lifestyle5,7.6923
2023-12-16,Lifestyle5,15.38461
2023-12-18,Lifestyle5,23.07692
2023-12-19,Lifestyle5,7.6923
2023-12-21,Lifestyle5,23.07692
2023-12-22,Lifestyle5,15.38461
2023-12-26,Lifestyle5,46.15384
2023-12-27,Lifestyle5,7.6923
2023-12-28,Lifestyle5,7.6923
2023-12-29,Lifestyle5,7.6923
2024-01-02,Lifestyle5,7.6923
2024-01-04,Lifestyle5,15.38461
2024-01-05,Lifestyle5,7.6923
2024-01-10,Lifestyle5,23.07692
2024-01-15,Lifestyle5,15.38461
2024-01-16,Lifestyle5,15.38461
2024-01-17,Lifestyle5,7.6923
2024-01-18,Lifestyle5,15.38461
2024-01-19,Lifestyle5,7.6923
2024-01-22,Lifestyle5,7.6923
2024-01-24,Lifestyle5,15.38461
2024-01-25,Lifestyle5,7.6923
2024-01-26,Lifestyle5,7.6923
2024-01-30,Lifestyle5,7.6923
2024-01-31,Lifestyle5,30.76923
2024-02-01,Lifestyle5,15.38461
2024-02-05,Lifestyle5,15.38461
2024-02-07,Lifestyle5,15.38461
2024-02-08,Lifestyle5,7.6923
2024-02-10,Lifestyle5,7.6923
2024-02-13,Lifestyle5,15.38461
2024-02-14,Lifestyle5,15.38461
2024-02-15,Lifestyle5,7.6923
2024-02-16,Lifestyle5,15.38461
2024-02-17,Lifestyle5,7.6923
2024-02-22,Lifestyle5,23.07692
2024-02-24,Lifestyle5,7.6923
2024-02-26,Lifestyle5,7.6923
2024-02-27,Lifestyle5,7.6923
2024-02-28,Lifestyle5,7.6923
2024-02-29,Lifestyle5,23.07692
2024-03-04,Lifestyle5,7.6923
2024-03-06,Lifestyle5,7.6923
2024-03-07,Lifestyle5,7.6923
2024-03-09,Lifestyle5,7.6923
2024-03-12,Lifestyle5,46.15384
2024-03-14,Lifestyle5,7.6923
2024-03-15,Lifestyle5,23.07692
2024-03-16,Lifestyle5,7.6923
2024-03-19,Lifestyle5,7.6923
2024-03-20,Lifestyle5,30.76923
2024-03-21,Lifestyle5,7.6923
2024-03-25,Lifestyle5,7.6923
2024-03-26,Lifestyle5,7.6923
2024-03-28,Lifestyle5,7.6923
2024-03-29,Lifestyle5,23.07692
2024-03-30,Lifestyle5,7.6923
2024-03-31,Lifestyle5,7.6923
2024-04-01,Lifestyle5,38.46153
2024-04-04,Lifestyle5,46.15384
2024-04-06,Lifestyle5,7.6923
2024-04-08,Lifestyle5,15.38461
2024-04-09,Lifestyle5,23.07692
2024-04-14,Lifestyle5,15.38461
2024-04-16,Lifestyle5,7.6923
2024-04-17,Lifestyle5,7.6923
2024-04-18,Lifestyle5,7.6923
2024-04-21,Lifestyle5,15.38461
2024-04-22,Lifestyle5,15.38461
2024-04-23,Lifestyle5,15.38461
2024-04-24,Lifestyle5,7.6923
2024-04-25,Lifestyle5,7.6923
2024-04-26,Lifestyle5,23.07692
2024-04-29,Lifestyle5,53.84615
2024-05-01,Lifestyle5,7.6923
2024-05-02,Lifestyle5,30.76923
2024-05-03,Lifestyle5,23.07692
2024-05-06,Lifestyle5,15.38461
2024-05-07,Lifestyle5,15.38461
2024-05-09,Lifestyle5,15.38461
2024-05-10,Lifestyle5,15.38461
2024-05-12,Lifestyle5,7.6923
2024-05-15,Lifestyle5,15.38461
2024-05-16,Lifestyle5,38.46153
2024-05-17,Lifestyle5,15.38461
2024-05-18,Lifestyle5,15.38461
2024-05-19,Lifestyle5,46.15384
2024-05-20,Lifestyle5,15.38461
2024-05-22,Lifestyle5,15.38461
2024-05-23,Lifestyle5,15.38461
2024-05-25,Lifestyle5,7.6923
2024-05-26,Lifestyle5,7.6923
2024-05-27,Lifestyle5,15.38461
2024-05-28,Lifestyle5,15.38461
2024-05-31,Lifestyle5,46.15384
2024-06-04,Lifestyle5,23.07692
2024-06-05,Lifestyle5,30.76923
2024-06-07,Lifestyle5,7.6923
2024-06-09,Lifestyle5,7.6923
2024-06-10,Lifestyle5,7.6923
2024-06-11,Lifestyle5,7.6923
2024-06-13,Lifestyle5,15.38461
2024-06-14,Lifestyle5,7.6923
2024-06-18,Lifestyle5,38.46153
2024-06-19,Lifestyle5,7.6923
2024-06-21,Lifestyle5,30.76923
2024-06-24,Lifestyle5,7.6923
2024-06-25,Lifestyle5,7.6923
2024-06-28,Lifestyle5,7.6923
2024-07-01,Lifestyle5,15.38461
2024-07-02,Lifestyle5,15.38461
2024-07-06,Lifestyle5,30.76923
2024-07-09,Lifestyle5,7.6923
2024-07-11,Lifestyle5,23.07692
2024-07-12,Lifestyle5,23.07692
2024-07-17,Lifestyle5,23.07692
2024-07-18,Lifestyle5,30.76923
2024-07-19,Lifestyle5,7.6923
2024-07-20,Lifestyle5,15.38461
2024-07-23,Lifestyle5,15.38461
2024-07-26,Lifestyle5,7.6923
2024-07-29,Lifestyle5,15.38461
2024-07-30,Lifestyle5,7.6923
2024-07-31,Lifestyle5,7.6923
2024-08-01,Lifestyle5,7.6923
2024-08-05,Lifestyle5,30.76923
2024-08-07,Lifestyle5,7.6923
2024-08-08,Lifestyle5,7.6923
2024-08-09,Lifestyle5,15.38461
2024-08-12,Lifestyle5,23.07692
2024-08-14,Lifestyle5,15.38461
2024-08-15,Lifestyle5,15.38461
2024-08-19,Lifestyle5,7.6923
2024-08-20,Lifestyle5,15.38461
2024-08-26,Lifestyle5,23.07692
2024-08-28,Lifestyle5,7.6923
2024-08-31,Lifestyle5,7.6923
2024-09-01,Lifestyle5,7.6923
2024-09-03,Lifestyle5,30.76923
2024-09-05,Lifestyle5,23.07692
2024-09-06,Lifestyle5,7.6923
2024-09-08,Lifestyle5,7.6923
2024-09-09,Lifestyle5,30.76923
2024-09-10,Lifestyle5,15.38461
2024-09-13,Lifestyle5,23.07692
2024-09-18,Lifestyle5,15.38461
2024-09-19,Lifestyle5,23.07692
2024-09-20,Lifestyle5,15.38461
2024-09-22,Lifestyle5,7.6923
2024-09-23,Lifestyle5,15.38461
2024-09-24,Lifestyle5,7.6923
2024-09-25,Lifestyle5,23.07692
2024-09-26,Lifestyle5,15.38461
2024-09-27,Lifestyle5,7.6923
2024-09-29,Lifestyle5,15.38461
2024-10-02,Lifestyle5,15.38461
2024-10-07,Lifestyle5,15.38461
2024-10-08,Lifestyle5,7.6923
2024-10-09,Lifestyle5,7.6923
2024-10-10,Lifestyle5,7.6923
2024-10-11,Lifestyle5,15.38461
2024-10-14,Lifestyle5,15.38461
2024-10-15,Lifestyle5,7.6923
2024-10-16,Lifestyle5,15.38461
2024-10-17,Lifestyle5,7.6923
2024-10-21,Lifestyle5,30.76923
2024-10-22,Lifestyle5,30.76923
2024-10-23,Lifestyle5,23.07692
2024-10-29,Lifestyle5,7.6923
2024-10-31,Lifestyle5,7.6923
2024-11-01,Lifestyle5,7.6923
2024-11-02,Lifestyle5,7.6923
2024-11-05,Lifestyle5,7.6923
2024-11-07,Lifestyle5,15.38461
2024-11-10,Lifestyle5,15.38461
2024-11-12,Lifestyle5,23.07692
2024-11-13,Lifestyle5,7.6923
2024-11-14,Lifestyle5,15.38461
2024-11-18,Lifestyle5,7.6923
2024-11-20,Lifestyle5,15.38461
2024-11-22,Lifestyle5,7.6923
2024-11-25,Lifestyle5,7.6923
2024-11-26,Lifestyle5,7.6923
2024-11-28,Lifestyle5,7.6923
2024-12-01,Lifestyle5,7.6923
2024-12-03,Lifestyle5,7.6923
2024-12-05,Lifestyle5,15.38461
2024-12-09,Lifestyle5,7.6923
2024-12-10,Lifestyle5,7.6923
2024-12-11,Lifestyle5,7.6923
2024-12-12,Lifestyle5,7.6923
2024-12-13,Lifestyle5,15.38461
2024-12-17,Lifestyle5,15.38461
2024-12-18,Lifestyle5,15.38461
2024-12-24,Lifestyle5,7.6923
2024-12-26,Lifestyle5,7.6923
2024-12-30,Lifestyle5,7.6923
2024-12-31,Lifestyle5,7.6923
2025-01-03,Lifestyle5,7.6923
2025-01-08,Lifestyle5,7.6923
2025-01-13,Lifestyle5,15.38461
2025-01-14,Lifestyle5,7.6923
2025-01-15,Lifestyle5,7.6923
2025-01-20,Lifestyle5,7.6923
2025-01-21,Lifestyle5,15.38461
2025-01-24,Lifestyle5,15.38461
2025-02-03,Lifestyle5,7.6923
2025-02-04,Lifestyle5,7.6923
2025-02-05,Lifestyle5,23.07692
2025-02-06,Lifestyle5,7.6923
2025-02-10,Lifestyle5,15.38461
2025-02-12,Lifestyle5,15.38461
2025-02-17,Lifestyle5,15.38461
2025-02-19,Lifestyle5,7.6923
2025-02-20,Lifestyle5,7.6923
2025-02-24,Lifestyle5,30.76923
2025-02-25,Lifestyle5,7.6923
2025-03-03,Lifestyle5,7.6923
2025-03-04,Lifestyle5,7.6923
2025-03-06,Lifestyle5,7.6923
2025-03-10,Lifestyle5,7.6923
2025-03-11,Lifestyle5,7.6923
2025-03-15,Lifestyle5,7.6923
2025-03-18,Lifestyle5,15.38461
2025-03-19,Lifestyle5,7.6923
2025-03-20,Lifestyle5,7.6923
2025-03-22,Lifestyle5,15.38461
2025-03-23,Lifestyle5,7.6923
2025-03-25,Lifestyle5,15.38461
2025-03-27,Lifestyle5,7.6923
2025-03-30,Lifestyle5,7.6923
